Time (s),Actual Depth (ft),First Stop Depth,Time To Surface,Average PP02 (text),Fraction O2 (text),Fraction He (text),First Stop Time,Current NDL,Current Circuit Mode,Water Temp (°F),Gas Switch Needed,External PPO2,Tank 1 pressure (psi),Tank 2 pressure (psi),Tank 3 pressure (psi),Tank 4 pressure (psi),Seconds,Display Minutes (text),Display Seconds (text),Max Depth (text),Actual Time (text),AM/PM Indicator (text),Gas Mixture (text)
0,0,0,0,0.19,18,45,0,0,1,63,FALSE,TRUE,AI is off,No comms for 90s +,N/A,N/A,0,0,00,0,8:39,pm,
5,-6.4,0,0,0.21,18,45,0,0,1,63,FALSE,TRUE,AI is off,No comms for 90s +,N/A,N/A,5,0,05,6.4,8:40,pm,
10,-12.3,0,1,0.25,18,45,0,99,1,63,TRUE,TRUE,AI is off,No comms for 90s +,N/A,N/A,10,0,10,12.3,8:40,pm,
15,-17.5,0,1,0.27,18,45,0,99,1,63,TRUE,TRUE,AI is off,No comms for 90s +,N/A,N/A,15,0,15,17.5,8:40,pm,
20,-20.6,0,1,0.29,18,45,0,99,1,63,TRUE,TRUE,AI is off,No comms for 90s +,N/A,N/A,20,0,20,20.6,8:40,pm,
25,-24.5,0,1,0.31,18,45,0,99,1,63,TRUE,TRUE,AI is off,No comms for 90s +,N/A,N/A,25,0,25,24.5,8:40,pm,
30,-26.3,0,1,0.32,18,45,0,99,1,63,TRUE,TRUE,AI is off,No comms for 90s +,N/A,N/A,30,0,30,26.3,8:40,pm,
35,-27.6,0,1,0.33,18,45,0,99,1,63,TRUE,TRUE,AI is off,No comms for 90s +,N/A,N/A,35,0,35,27.6,8:40,pm,
40,-29.6,0,1,0.34,18,45,0,99,1,63,TRUE,TRUE,AI is off,No comms for 90s +,N/A,N/A,40,0,40,29.6,8:40,pm,
45,-32.8,0,1,0.36,18,45,0,99,1,63,TRUE,TRUE,AI is off,No comms for 90s +,N/A,N/A,45,0,45,32.8,8:40,pm,
50,-35.8,0,1,0.37,18,45,0,99,1,63,TRUE,TRUE,AI is off,No comms for 90s +,N/A,N/A,50,0,50,35.8,8:40,pm,
55,-37.2,0,2,0.38,18,45,0,88,1,63,TRUE,TRUE,AI is off,No comms for 90s +,N/A,N/A,55,0,55,37.2,8:40,pm,
60,-39.7,0,2,0.4,18,45,0,88,1,63,TRUE,TRUE,AI is off,No comms for 90s +,N/A,N/A,0,1,00,39.7,8:40,pm,
65,-41.9,0,2,0.41,18,45,0,61,1,63,TRUE,TRUE,AI is off,No comms for 90s +,N/A,N/A,5,1,05,41.9,8:41,pm,
70,-42.6,0,2,0.41,18,45,0,57,1,63,TRUE,TRUE,AI is off,No comms for 90s +,N/A,N/A,10,1,10,42.6,8:41,pm,
75,-42.4,0,2,0.41,18,45,0,57,1,63,TRUE,TRUE,AI is off,No comms for 90s +,N/A,N/A,15,1,15,42.6,8:41,pm,
80,-41.6,0,2,0.41,18,45,0,57,1,63,TRUE,TRUE,AI is off,No comms for 90s +,N/A,N/A,20,1,20,42.6,8:41,pm,
85,-42,0,2,0.41,18,45,0,60,1,63,TRUE,TRUE,AI is off,No comms for 90s +,N/A,N/A,25,1,25,42.6,8:41,pm,
90,-41.8,0,2,0.41,18,45,0,58,1,63,TRUE,TRUE,AI is off,No comms for 90s +,N/A,N/A,30,1,30,42.6,8:41,pm,
95,-39.8,0,2,0.4,18,45,0,58,1,63,TRUE,TRUE,AI is off,No comms for 90s +,N/A,N/A,35,1,35,42.6,8:41,pm,
100,-39.3,0,2,0.4,18,45,0,71,1,63,TRUE,TRUE,AI is off,No comms for 90s +,N/A,N/A,40,1,40,42.6,8:41,pm,
105,-38,0,2,0.39,18,45,0,75,1,63,TRUE,TRUE,AI is off,No comms for 90s +,N/A,N/A,45,1,45,42.6,8:41,pm,
110,-36.7,0,2,0.38,18,45,0,75,1,63,TRUE,TRUE,AI is off,No comms for 90s +,N/A,N/A,50,1,50,42.6,8:41,pm,
115,-35.2,0,2,0.37,18,45,0,97,1,63,TRUE,TRUE,AI is off,No comms for 90s +,N/A,N/A,55,1,55,42.6,8:41,pm,
120,-33.4,0,1,0.36,18,45,0,99,1,63,TRUE,TRUE,AI is off,No comms for 90s +,N/A,N/A,0,2,00,42.6,8:41,pm,
125,-31.3,0,1,0.35,18,45,0,99,1,63,TRUE,TRUE,AI is off,No comms for 90s +,N/A,N/A,5,2,05,42.6,8:42,pm,
130,-29.8,0,1,0.35,18,45,0,99,1,63,TRUE,TRUE,AI is off,No comms for 90s +,N/A,N/A,10,2,10,42.6,8:42,pm,
135,-29.1,0,1,0.34,18,45,0,99,1,63,TRUE,TRUE,AI is off,No comms for 90s +,N/A,N/A,15,2,15,42.6,8:42,pm,
140,-29.4,0,1,0.34,18,45,0,99,1,63,TRUE,TRUE,AI is off,No comms for 90s +,N/A,N/A,20,2,20,42.6,8:42,pm,
145,-31.8,0,1,0.35,18,45,0,99,1,63,TRUE,TRUE,AI is off,No comms for 90s +,N/A,N/A,25,2,25,42.6,8:42,pm,
150,-32.1,0,1,0.36,18,45,0,99,1,63,TRUE,TRUE,AI is off,No comms for 90s +,N/A,N/A,30,2,30,42.6,8:42,pm,
155,-32.1,0,1,0.36,18,45,0,99,1,63,TRUE,TRUE,AI is off,No comms for 90s +,N/A,N/A,35,2,35,42.6,8:42,pm,
160,-32.8,0,1,0.36,18,45,0,99,1,63,TRUE,TRUE,AI is off,No comms for 90s +,N/A,N/A,40,2,40,42.6,8:42,pm,
165,-34.9,0,1,0.37,18,45,0,99,1,63,TRUE,TRUE,AI is off,No comms for 90s +,N/A,N/A,45,2,45,42.6,8:42,pm,
170,-36.8,0,2,0.38,18,45,0,90,1,63,TRUE,TRUE,AI is off,No comms for 90s +,N/A,N/A,50,2,50,42.6,8:42,pm,
175,-38.2,0,2,0.39,18,45,0,79,1,63,TRUE,TRUE,AI is off,No comms for 90s +,N/A,N/A,55,2,55,42.6,8:42,pm,
180,-38.9,0,2,0.39,18,45,0,79,1,63,TRUE,TRUE,AI is off,No comms for 90s +,N/A,N/A,0,3,00,42.6,8:42,pm,
185,-39.7,0,2,0.4,18,45,0,69,1,63,TRUE,TRUE,AI is off,No comms for 90s +,N/A,N/A,5,3,05,42.6,8:43,pm,
190,-40.3,0,2,0.4,18,45,0,69,1,63,TRUE,TRUE,AI is off,No comms for 90s +,N/A,N/A,10,3,10,42.6,8:43,pm,
195,-40.8,0,2,0.4,18,45,0,65,1,63,TRUE,TRUE,AI is off,No comms for 90s +,N/A,N/A,15,3,15,42.6,8:43,pm,
200,-40.7,0,2,0.4,18,45,0,64,1,63,TRUE,TRUE,AI is off,No comms for 90s +,N/A,N/A,20,3,20,42.6,8:43,pm,
205,-42.6,0,2,0.41,18,45,0,64,1,63,TRUE,TRUE,AI is off,No comms for 90s +,N/A,N/A,25,3,25,42.6,8:43,pm,
210,-45.2,0,2,0.43,18,45,0,55,1,63,TRUE,TRUE,AI is off,No comms for 90s +,N/A,N/A,30,3,30,45.2,8:43,pm,
215,-49.4,0,2,0.45,18,45,0,55,1,63,TRUE,TRUE,AI is off,No comms for 90s +,N/A,N/A,35,3,35,49.4,8:43,pm,
220,-53.7,0,2,0.47,18,45,0,35,1,63,TRUE,TRUE,AI is off,No comms for 90s +,N/A,N/A,40,3,40,53.7,8:43,pm,
225,-57.8,0,2,0.49,18,45,0,29,1,63,TRUE,TRUE,AI is off,No comms for 90s +,N/A,N/A,45,3,45,57.8,8:43,pm,
230,-61.8,0,2,0.52,18,45,0,29,1,63,TRUE,TRUE,AI is off,No comms for 90s +,N/A,N/A,50,3,50,61.8,8:43,pm,
235,-66.6,0,2,0.54,18,45,0,20,1,63,TRUE,TRUE,AI is off,No comms for 90s +,N/A,N/A,55,3,55,66.6,8:43,pm,
240,-71.9,0,3,0.57,18,45,0,16,1,63,TRUE,TRUE,AI is off,No comms for 90s +,N/A,N/A,0,4,00,71.9,8:43,pm,
245,-77.4,0,3,0.6,18,45,0,16,1,63,FALSE,TRUE,AI is off,No comms for 90s +,N/A,N/A,5,4,05,77.4,8:44,pm,
250,-83.9,0,3,0.63,18,45,0,10,1,62,FALSE,TRUE,AI is off,No comms for 90s +,N/A,N/A,10,4,10,83.9,8:44,pm,
255,-89.9,0,3,0.67,18,45,0,9,1,62,FALSE,TRUE,AI is off,No comms for 90s +,N/A,N/A,15,4,15,89.9,8:44,pm,
260,-94.9,0,3,0.69,18,45,0,9,1,62,FALSE,TRUE,AI is off,No comms for 90s +,N/A,N/A,20,4,20,94.9,8:44,pm,
265,-98.8,0,3,0.72,18,45,0,9,1,61,FALSE,TRUE,AI is off,No comms for 90s +,N/A,N/A,25,4,25,98.8,8:44,pm,
270,-102.6,0,3,0.74,18,45,0,7,1,61,FALSE,TRUE,AI is off,No comms for 90s +,N/A,N/A,30,4,30,102.6,8:44,pm,
275,-107.9,0,4,0.76,18,45,0,6,1,61,FALSE,TRUE,AI is off,No comms for 90s +,N/A,N/A,35,4,35,107.9,8:44,pm,
280,-111.7,0,4,0.79,18,45,0,6,1,61,FALSE,TRUE,AI is off,No comms for 90s +,N/A,N/A,40,4,40,111.7,8:44,pm,
285,-116.6,0,4,0.81,18,45,0,4,1,61,FALSE,TRUE,AI is off,No comms for 90s +,N/A,N/A,45,4,45,116.6,8:44,pm,
290,-119.9,0,4,0.83,18,45,0,4,1,61,FALSE,TRUE,AI is off,No comms for 90s +,N/A,N/A,50,4,50,119.9,8:44,pm,
295,-123.1,0,4,0.85,18,45,0,4,1,61,FALSE,TRUE,AI is off,No comms for 90s +,N/A,N/A,55,4,55,123.1,8:44,pm,
300,-126.7,0,4,0.87,18,45,0,3,1,61,FALSE,TRUE,AI is off,No comms for 90s +,N/A,N/A,0,5,00,126.7,8:44,pm,
305,-130.4,0,4,0.89,18,45,0,3,1,61,FALSE,TRUE,AI is off,No comms for 90s +,N/A,N/A,5,5,05,130.4,8:45,pm,
310,-134.2,0,4,0.91,18,45,0,3,1,60,FALSE,TRUE,AI is off,No comms for 90s +,N/A,N/A,10,5,10,134.2,8:45,pm,
315,-137.6,0,5,0.93,18,45,0,2,1,60,FALSE,TRUE,AI is off,No comms for 90s +,N/A,N/A,15,5,15,137.6,8:45,pm,
320,-141.3,0,5,0.95,18,45,0,2,1,60,FALSE,TRUE,AI is off,No comms for 90s +,N/A,N/A,20,5,20,141.3,8:45,pm,
325,-145.6,0,5,0.97,18,45,0,2,1,60,FALSE,TRUE,AI is off,No comms for 90s +,N/A,N/A,25,5,25,145.6,8:45,pm,
330,-150.1,0,5,0.99,18,45,0,2,1,60,FALSE,TRUE,AI is off,No comms for 90s +,N/A,N/A,30,5,30,150.1,8:45,pm,
335,-154.9,0,5,1.02,18,45,0,1,1,59,FALSE,TRUE,AI is off,No comms for 90s +,N/A,N/A,35,5,35,154.9,8:45,pm,
340,-157.9,0,5,1.04,18,45,0,1,1,59,FALSE,TRUE,AI is off,No comms for 90s +,N/A,N/A,40,5,40,157.9,8:45,pm,
345,-160.7,0,5,1.05,18,45,0,1,1,59,FALSE,TRUE,AI is off,No comms for 90s +,N/A,N/A,45,5,45,160.7,8:45,pm,
350,-163.6,0,5,1.07,18,45,0,0,1,59,FALSE,TRUE,AI is off,No comms for 90s +,N/A,N/A,50,5,50,163.6,8:45,pm,
355,-166.3,0,5,1.08,18,45,0,0,1,59,FALSE,TRUE,AI is off,No comms for 90s +,N/A,N/A,55,5,55,166.3,8:45,pm,
360,-168.9,0,5,1.1,18,45,0,0,1,59,FALSE,TRUE,AI is off,No comms for 90s +,N/A,N/A,0,6,00,168.9,8:45,pm,
365,-170.5,0,6,1.11,18,45,0,0,1,59,FALSE,TRUE,AI is off,No comms for 90s +,N/A,N/A,5,6,05,170.5,8:46,pm,
370,-173,0,6,1.12,18,45,0,0,1,59,FALSE,TRUE,AI is off,No comms for 90s +,N/A,N/A,10,6,10,173,8:46,pm,
375,-174.6,0,6,1.13,18,45,0,0,1,59,FALSE,TRUE,AI is off,No comms for 90s +,N/A,N/A,15,6,15,174.6,8:46,pm,
380,-176.5,0,6,1.14,18,45,0,0,1,59,FALSE,TRUE,AI is off,No comms for 90s +,N/A,N/A,20,6,20,176.5,8:46,pm,
385,-178.3,0,6,1.15,18,45,0,0,1,58,FALSE,TRUE,AI is off,No comms for 90s +,N/A,N/A,25,6,25,178.3,8:46,pm,
390,-180,0,6,1.16,18,45,0,0,1,58,FALSE,TRUE,AI is off,No comms for 90s +,N/A,N/A,30,6,30,180,8:46,pm,
395,-181.4,0,6,1.16,18,45,0,0,1,58,FALSE,TRUE,AI is off,No comms for 90s +,N/A,N/A,35,6,35,181.4,8:46,pm,
400,-183,0,6,1.17,18,45,0,0,1,58,FALSE,TRUE,AI is off,No comms for 90s +,N/A,N/A,40,6,40,183,8:46,pm,
405,-184.6,0,6,1.18,18,45,0,0,1,58,FALSE,TRUE,AI is off,No comms for 90s +,N/A,N/A,45,6,45,184.6,8:46,pm,
410,-185.7,0,6,1.19,18,45,0,0,1,58,FALSE,TRUE,AI is off,No comms for 90s +,N/A,N/A,50,6,50,185.7,8:46,pm,
415,-185.6,20,7,1.19,18,45,1,0,1,58,FALSE,TRUE,AI is off,No comms for 90s +,N/A,N/A,55,6,55,185.7,8:46,pm,
420,-184.9,20,7,1.18,18,45,1,0,1,57,FALSE,TRUE,AI is off,No comms for 90s +,N/A,N/A,0,7,00,185.7,8:46,pm,
425,-185.4,20,7,1.19,18,45,1,0,1,57,FALSE,TRUE,AI is off,No comms for 90s +,N/A,N/A,5,7,05,185.7,8:47,pm,
430,-186,20,7,1.19,18,45,1,0,1,57,FALSE,TRUE,AI is off,No comms for 90s +,N/A,N/A,10,7,10,186,8:47,pm,
435,-185.8,20,7,1.19,18,45,1,0,1,57,FALSE,TRUE,AI is off,No comms for 90s +,N/A,N/A,15,7,15,186,8:47,pm,
440,-185.7,20,7,1.19,18,45,1,0,1,57,FALSE,TRUE,AI is off,No comms for 90s +,N/A,N/A,20,7,20,186,8:47,pm,
445,-185.9,20,7,1.19,18,45,1,0,1,57,FALSE,TRUE,AI is off,No comms for 90s +,N/A,N/A,25,7,25,186,8:47,pm,
450,-186.2,20,7,1.19,18,45,1,0,1,57,FALSE,TRUE,AI is off,No comms for 90s +,N/A,N/A,30,7,30,186.2,8:47,pm,
455,-186.1,20,7,1.19,18,45,1,0,1,57,FALSE,TRUE,AI is off,No comms for 90s +,N/A,N/A,35,7,35,186.2,8:47,pm,
460,-185.8,20,7,1.19,18,45,1,0,1,56,FALSE,TRUE,AI is off,No comms for 90s +,N/A,N/A,40,7,40,186.2,8:47,pm,
465,-186.5,20,8,1.19,18,45,2,0,1,57,FALSE,TRUE,AI is off,No comms for 90s +,N/A,N/A,45,7,45,186.5,8:47,pm,
470,-186.6,20,8,1.19,18,45,2,0,1,57,FALSE,TRUE,AI is off,No comms for 90s +,N/A,N/A,50,7,50,186.6,8:47,pm,
475,-187.6,20,8,1.2,18,45,2,0,1,56,FALSE,TRUE,AI is off,No comms for 90s +,N/A,N/A,55,7,55,187.6,8:47,pm,
480,-187.2,20,8,1.2,18,45,2,0,1,56,FALSE,TRUE,AI is off,No comms for 90s +,N/A,N/A,0,8,00,187.6,8:47,pm,
485,-186.5,20,8,1.19,18,45,2,0,1,56,FALSE,TRUE,AI is off,No comms for 90s +,N/A,N/A,5,8,05,187.6,8:48,pm,
490,-186,20,8,1.19,18,45,2,0,1,56,FALSE,TRUE,AI is off,No comms for 90s +,N/A,N/A,10,8,10,187.6,8:48,pm,
495,-186.5,20,8,1.19,18,45,2,0,1,56,FALSE,TRUE,AI is off,No comms for 90s +,N/A,N/A,15,8,15,187.6,8:48,pm,
500,-187.9,20,9,1.2,18,45,3,0,1,56,FALSE,TRUE,AI is off,No comms for 90s +,N/A,N/A,20,8,20,187.9,8:48,pm,
505,-188.3,20,9,1.2,18,45,3,0,1,56,FALSE,TRUE,AI is off,No comms for 90s +,N/A,N/A,25,8,25,188.3,8:48,pm,
510,-187.5,20,9,1.2,18,45,3,0,1,56,FALSE,TRUE,AI is off,No comms for 90s +,N/A,N/A,30,8,30,188.3,8:48,pm,
515,-187.3,20,9,1.2,18,45,3,0,1,56,FALSE,TRUE,AI is off,No comms for 90s +,N/A,N/A,35,8,35,188.3,8:48,pm,
520,-187.1,20,9,1.2,18,45,3,0,1,56,FALSE,TRUE,AI is off,No comms for 90s +,N/A,N/A,40,8,40,188.3,8:48,pm,
525,-185.2,20,9,1.19,18,45,3,0,1,56,FALSE,TRUE,AI is off,No comms for 90s +,N/A,N/A,45,8,45,188.3,8:48,pm,
530,-183.8,20,9,1.18,18,45,3,0,1,56,FALSE,TRUE,AI is off,No comms for 90s +,N/A,N/A,50,8,50,188.3,8:48,pm,
535,-183.2,20,9,1.18,18,45,3,0,1,56,FALSE,TRUE,AI is off,No comms for 90s +,N/A,N/A,55,8,55,188.3,8:48,pm,
540,-183.1,20,9,1.17,18,45,3,0,1,56,FALSE,TRUE,AI is off,No comms for 90s +,N/A,N/A,0,9,00,188.3,8:48,pm,
545,-183.2,20,9,1.18,18,45,3,0,1,56,FALSE,TRUE,AI is off,No comms for 90s +,N/A,N/A,5,9,05,188.3,8:49,pm,
550,-183.4,20,9,1.18,18,45,3,0,1,56,FALSE,TRUE,AI is off,No comms for 90s +,N/A,N/A,10,9,10,188.3,8:49,pm,
555,-184.3,20,9,1.18,18,45,3,0,1,56,FALSE,TRUE,AI is off,No comms for 90s +,N/A,N/A,15,9,15,188.3,8:49,pm,
560,-185.4,20,10,1.19,18,45,4,0,1,56,FALSE,TRUE,AI is off,No comms for 90s +,N/A,N/A,20,9,20,188.3,8:49,pm,
565,-186.6,20,10,1.19,18,45,4,0,1,56,FALSE,TRUE,AI is off,No comms for 90s +,N/A,N/A,25,9,25,188.3,8:49,pm,
570,-187.3,30,10,1.2,18,45,1,0,1,56,FALSE,TRUE,AI is off,No comms for 90s +,N/A,N/A,30,9,30,188.3,8:49,pm,
575,-186.6,30,10,1.19,18,45,1,0,1,56,FALSE,TRUE,AI is off,No comms for 90s +,N/A,N/A,35,9,35,188.3,8:49,pm,
580,-186.4,30,10,1.19,18,45,1,0,1,56,FALSE,TRUE,AI is off,No comms for 90s +,N/A,N/A,40,9,40,188.3,8:49,pm,
585,-187,30,10,1.2,18,45,1,0,1,56,FALSE,TRUE,AI is off,No comms for 90s +,N/A,N/A,45,9,45,188.3,8:49,pm,
590,-187.5,30,10,1.2,18,45,1,0,1,56,FALSE,TRUE,AI is off,No comms for 90s +,N/A,N/A,50,9,50,188.3,8:49,pm,
595,-187.2,30,10,1.2,18,45,1,0,1,56,FALSE,TRUE,AI is off,No comms for 90s +,N/A,N/A,55,9,55,188.3,8:49,pm,
600,-187.3,30,10,1.2,18,45,1,0,1,56,FALSE,TRUE,AI is off,No comms for 90s +,N/A,N/A,0,10,00,188.3,8:49,pm,
605,-183.7,30,11,1.18,18,45,1,0,1,56,FALSE,TRUE,AI is off,No comms for 90s +,N/A,N/A,5,10,05,188.3,8:50,pm,
610,-180.8,30,11,1.16,18,45,1,0,1,56,FALSE,TRUE,AI is off,No comms for 90s +,N/A,N/A,10,10,10,188.3,8:50,pm,
615,-178.8,30,11,1.15,18,45,1,0,1,56,FALSE,TRUE,AI is off,No comms for 90s +,N/A,N/A,15,10,15,188.3,8:50,pm,
620,-176.7,30,10,1.14,18,45,1,0,1,56,FALSE,TRUE,AI is off,No comms for 90s +,N/A,N/A,20,10,20,188.3,8:50,pm,
625,-176.7,30,10,1.14,18,45,1,0,1,56,FALSE,TRUE,AI is off,No comms for 90s +,N/A,N/A,25,10,25,188.3,8:50,pm,
630,-175.6,30,10,1.13,18,45,1,0,1,56,FALSE,TRUE,AI is off,No comms for 90s +,N/A,N/A,30,10,30,188.3,8:50,pm,
635,-174.9,30,10,1.13,18,45,1,0,1,56,FALSE,TRUE,AI is off,No comms for 90s +,N/A,N/A,35,10,35,188.3,8:50,pm,
640,-172.7,30,10,1.12,18,45,1,0,1,56,FALSE,TRUE,AI is off,No comms for 90s +,N/A,N/A,40,10,40,188.3,8:50,pm,
645,-171.7,30,10,1.11,18,45,1,0,1,56,FALSE,TRUE,AI is off,No comms for 90s +,N/A,N/A,45,10,45,188.3,8:50,pm,
650,-172.3,30,10,1.11,18,45,1,0,1,56,FALSE,TRUE,AI is off,No comms for 90s +,N/A,N/A,50,10,50,188.3,8:50,pm,
655,-173.5,30,11,1.12,18,45,1,0,1,56,FALSE,TRUE,AI is off,No comms for 90s +,N/A,N/A,55,10,55,188.3,8:50,pm,
660,-174.2,40,10,1.12,18,45,1,0,1,56,FALSE,TRUE,AI is off,No comms for 90s +,N/A,N/A,0,11,00,188.3,8:50,pm,
665,-174.7,40,10,1.13,18,45,1,0,1,55,FALSE,TRUE,AI is off,No comms for 90s +,N/A,N/A,5,11,05,188.3,8:51,pm,
670,-175.3,40,11,1.13,18,45,1,0,1,56,FALSE,TRUE,AI is off,No comms for 90s +,N/A,N/A,10,11,10,188.3,8:51,pm,
675,-175.7,30,11,1.13,18,45,1,0,1,56,FALSE,TRUE,AI is off,No comms for 90s +,N/A,N/A,15,11,15,188.3,8:51,pm,
680,-176.5,30,11,1.14,18,45,1,0,1,55,FALSE,TRUE,AI is off,No comms for 90s +,N/A,N/A,20,11,20,188.3,8:51,pm,
685,-177.2,40,12,1.14,18,45,1,0,1,56,FALSE,TRUE,AI is off,No comms for 90s +,N/A,N/A,25,11,25,188.3,8:51,pm,
690,-177.4,40,12,1.14,18,45,1,0,1,56,FALSE,TRUE,AI is off,No comms for 90s +,N/A,N/A,30,11,30,188.3,8:51,pm,
695,-177.6,40,12,1.15,18,45,1,0,1,56,FALSE,TRUE,AI is off,No comms for 90s +,N/A,N/A,35,11,35,188.3,8:51,pm,
700,-176.8,40,12,1.14,18,45,1,0,1,56,FALSE,TRUE,AI is off,No comms for 90s +,N/A,N/A,40,11,40,188.3,8:51,pm,
705,-177,40,13,1.14,18,45,1,0,1,56,FALSE,TRUE,AI is off,No comms for 90s +,N/A,N/A,45,11,45,188.3,8:51,pm,
710,-176.6,40,13,1.14,18,45,1,0,1,56,FALSE,TRUE,AI is off,No comms for 90s +,N/A,N/A,50,11,50,188.3,8:51,pm,
715,-175.9,40,13,1.14,18,45,1,0,1,56,FALSE,TRUE,AI is off,No comms for 90s +,N/A,N/A,55,11,55,188.3,8:51,pm,
720,-176,40,12,1.14,18,45,1,0,1,55,FALSE,TRUE,AI is off,No comms for 90s +,N/A,N/A,0,12,00,188.3,8:51,pm,
725,-176,40,12,1.13,18,45,1,0,1,55,FALSE,TRUE,AI is off,No comms for 90s +,N/A,N/A,5,12,05,188.3,8:52,pm,
730,-176.5,40,12,1.14,18,45,1,0,1,56,FALSE,TRUE,AI is off,No comms for 90s +,N/A,N/A,10,12,10,188.3,8:52,pm,
735,-176.8,40,13,1.14,18,45,1,0,1,56,FALSE,TRUE,AI is off,No comms for 90s +,N/A,N/A,15,12,15,188.3,8:52,pm,
740,-177,40,13,1.14,18,45,1,0,1,56,FALSE,TRUE,AI is off,No comms for 90s +,N/A,N/A,20,12,20,188.3,8:52,pm,
745,-176.2,40,13,1.14,18,45,1,0,1,56,FALSE,TRUE,AI is off,No comms for 90s +,N/A,N/A,25,12,25,188.3,8:52,pm,
750,-176.8,40,13,1.14,18,45,1,0,1,56,FALSE,TRUE,AI is off,No comms for 90s +,N/A,N/A,30,12,30,188.3,8:52,pm,
755,-177.2,40,14,1.14,18,45,1,0,1,56,FALSE,TRUE,AI is off,No comms for 90s +,N/A,N/A,35,12,35,188.3,8:52,pm,
760,-177.4,40,14,1.14,18,45,1,0,1,55,FALSE,TRUE,AI is off,No comms for 90s +,N/A,N/A,40,12,40,188.3,8:52,pm,
765,-176.5,40,14,1.14,18,45,1,0,1,55,FALSE,TRUE,AI is off,No comms for 90s +,N/A,N/A,45,12,45,188.3,8:52,pm,
770,-176,50,14,1.14,18,45,1,0,1,55,FALSE,TRUE,AI is off,No comms for 90s +,N/A,N/A,50,12,50,188.3,8:52,pm,
775,-176,50,14,1.14,18,45,1,0,1,55,FALSE,TRUE,AI is off,No comms for 90s +,N/A,N/A,55,12,55,188.3,8:52,pm,
780,-176.2,50,14,1.14,18,45,1,0,1,55,FALSE,TRUE,AI is off,No comms for 90s +,N/A,N/A,0,13,00,188.3,8:52,pm,
785,-176.5,50,14,1.14,18,45,1,0,1,55,FALSE,TRUE,AI is off,No comms for 90s +,N/A,N/A,5,13,05,188.3,8:53,pm,
790,-177,50,15,1.14,18,45,1,0,1,55,FALSE,TRUE,AI is off,No comms for 90s +,N/A,N/A,10,13,10,188.3,8:53,pm,
795,-176.5,50,15,1.14,18,45,1,0,1,55,FALSE,TRUE,AI is off,No comms for 90s +,N/A,N/A,15,13,15,188.3,8:53,pm,
800,-176.2,50,15,1.14,18,45,1,0,1,55,FALSE,TRUE,AI is off,No comms for 90s +,N/A,N/A,20,13,20,188.3,8:53,pm,
805,-175.3,50,15,1.13,18,45,1,0,1,55,FALSE,TRUE,AI is off,No comms for 90s +,N/A,N/A,25,13,25,188.3,8:53,pm,
810,-175.7,50,16,1.13,18,45,1,0,1,55,FALSE,TRUE,AI is off,No comms for 90s +,N/A,N/A,30,13,30,188.3,8:53,pm,
815,-175.9,50,16,1.14,18,45,1,0,1,55,FALSE,TRUE,AI is off,No comms for 90s +,N/A,N/A,35,13,35,188.3,8:53,pm,
820,-175.3,50,16,1.13,18,45,1,0,1,55,FALSE,TRUE,AI is off,No comms for 90s +,N/A,N/A,40,13,40,188.3,8:53,pm,
825,-175.2,70,16,1.13,18,45,1,0,1,55,FALSE,TRUE,AI is off,No comms for 90s +,N/A,N/A,45,13,45,188.3,8:53,pm,
830,-175.3,70,16,1.13,18,45,1,0,1,55,FALSE,TRUE,AI is off,No comms for 90s +,N/A,N/A,50,13,50,188.3,8:53,pm,
835,-174.5,70,16,1.13,18,45,1,0,1,55,FALSE,TRUE,AI is off,No comms for 90s +,N/A,N/A,55,13,55,188.3,8:53,pm,
840,-173.9,70,16,1.13,18,45,1,0,1,55,FALSE,TRUE,AI is off,No comms for 90s +,N/A,N/A,0,14,00,188.3,8:53,pm,
845,-172,70,15,1.12,18,45,1,0,1,55,FALSE,TRUE,AI is off,No comms for 90s +,N/A,N/A,5,14,05,188.3,8:54,pm,
850,-172,70,15,1.12,18,45,1,0,1,55,FALSE,TRUE,AI is off,No comms for 90s +,N/A,N/A,10,14,10,188.3,8:54,pm,
855,-171.7,70,15,1.11,18,45,1,0,1,55,FALSE,TRUE,AI is off,No comms for 90s +,N/A,N/A,15,14,15,188.3,8:54,pm,
860,-171.5,70,16,1.11,18,45,1,0,1,55,FALSE,TRUE,AI is off,No comms for 90s +,N/A,N/A,20,14,20,188.3,8:54,pm,
865,-172.3,80,17,1.12,18,45,1,0,1,55,FALSE,TRUE,AI is off,No comms for 90s +,N/A,N/A,25,14,25,188.3,8:54,pm,
870,-171.7,80,17,1.11,18,45,1,0,1,55,FALSE,TRUE,AI is off,No comms for 90s +,N/A,N/A,30,14,30,188.3,8:54,pm,
875,-171.6,50,17,1.11,18,45,1,0,1,55,FALSE,TRUE,AI is off,No comms for 90s +,N/A,N/A,35,14,35,188.3,8:54,pm,
880,-171.8,50,16,1.11,18,45,1,0,1,55,FALSE,TRUE,AI is off,No comms for 90s +,N/A,N/A,40,14,40,188.3,8:54,pm,
885,-170.2,50,16,1.1,18,45,1,0,1,55,FALSE,TRUE,AI is off,No comms for 90s +,N/A,N/A,45,14,45,188.3,8:54,pm,
890,-169.7,50,16,1.1,18,45,1,0,1,55,FALSE,TRUE,AI is off,No comms for 90s +,N/A,N/A,50,14,50,188.3,8:54,pm,
895,-169.4,50,16,1.1,18,45,1,0,1,55,FALSE,TRUE,AI is off,No comms for 90s +,N/A,N/A,55,14,55,188.3,8:54,pm,
900,-168.8,50,17,1.1,18,45,1,0,1,55,FALSE,TRUE,AI is off,No comms for 90s +,N/A,N/A,0,15,00,188.3,8:54,pm,
905,-168.7,50,17,1.1,18,45,1,0,1,55,FALSE,TRUE,AI is off,No comms for 90s +,N/A,N/A,5,15,05,188.3,8:55,pm,
910,-168.4,50,17,1.1,18,45,1,0,1,55,FALSE,TRUE,AI is off,No comms for 90s +,N/A,N/A,10,15,10,188.3,8:55,pm,
915,-168.4,60,18,1.09,18,45,1,0,1,55,FALSE,TRUE,AI is off,No comms for 90s +,N/A,N/A,15,15,15,188.3,8:55,pm,
920,-168.3,60,18,1.09,18,45,1,0,1,55,FALSE,TRUE,AI is off,No comms for 90s +,N/A,N/A,20,15,20,188.3,8:55,pm,
925,-168.7,60,17,1.1,18,45,1,0,1,55,FALSE,TRUE,AI is off,No comms for 90s +,N/A,N/A,25,15,25,188.3,8:55,pm,
930,-168.3,60,17,1.09,18,45,1,0,1,55,FALSE,TRUE,AI is off,No comms for 90s +,N/A,N/A,30,15,30,188.3,8:55,pm,
935,-167.8,60,17,1.09,18,45,1,0,1,55,FALSE,TRUE,AI is off,No comms for 90s +,N/A,N/A,35,15,35,188.3,8:55,pm,
940,-168.3,60,18,1.09,18,45,1,0,1,55,FALSE,TRUE,AI is off,No comms for 90s +,N/A,N/A,40,15,40,188.3,8:55,pm,
945,-168,60,18,1.09,18,45,1,0,1,55,FALSE,TRUE,AI is off,No comms for 90s +,N/A,N/A,45,15,45,188.3,8:55,pm,
950,-167.6,60,18,1.09,18,45,1,0,1,55,FALSE,TRUE,AI is off,No comms for 90s +,N/A,N/A,50,15,50,188.3,8:55,pm,
955,-167.4,60,18,1.09,18,45,1,0,1,55,FALSE,TRUE,AI is off,No comms for 90s +,N/A,N/A,55,15,55,188.3,8:55,pm,
960,-166.4,60,19,1.08,18,45,1,0,1,55,FALSE,TRUE,AI is off,No comms for 90s +,N/A,N/A,0,16,00,188.3,8:55,pm,
965,-166.6,60,19,1.09,18,45,1,0,1,55,FALSE,TRUE,AI is off,No comms for 90s +,N/A,N/A,5,16,05,188.3,8:56,pm,
970,-165.6,60,19,1.08,18,45,1,0,1,55,FALSE,TRUE,AI is off,No comms for 90s +,N/A,N/A,10,16,10,188.3,8:56,pm,
975,-165.4,60,19,1.08,18,45,1,0,1,55,FALSE,TRUE,AI is off,No comms for 90s +,N/A,N/A,15,16,15,188.3,8:56,pm,
980,-166.3,60,19,1.08,18,45,1,0,1,55,FALSE,TRUE,AI is off,No comms for 90s +,N/A,N/A,20,16,20,188.3,8:56,pm,
985,-166,60,19,1.08,18,45,1,0,1,55,FALSE,TRUE,AI is off,No comms for 90s +,N/A,N/A,25,16,25,188.3,8:56,pm,
990,-165.1,60,19,1.08,18,45,1,0,1,55,FALSE,TRUE,AI is off,No comms for 90s +,N/A,N/A,30,16,30,188.3,8:56,pm,
995,-164.1,60,19,1.07,18,45,1,0,1,55,FALSE,TRUE,AI is off,No comms for 90s +,N/A,N/A,35,16,35,188.3,8:56,pm,
1000,-161.5,60,19,1.06,18,45,1,0,1,55,FALSE,TRUE,AI is off,No comms for 90s +,N/A,N/A,40,16,40,188.3,8:56,pm,
1005,-158.6,60,19,1.04,18,45,1,0,1,55,FALSE,TRUE,AI is off,No comms for 90s +,N/A,N/A,45,16,45,188.3,8:56,pm,
1010,-159.6,60,19,1.05,18,45,1,0,1,55,FALSE,TRUE,AI is off,No comms for 90s +,N/A,N/A,50,16,50,188.3,8:56,pm,
1015,-159.8,60,20,1.05,18,45,1,0,1,55,FALSE,TRUE,AI is off,No comms for 90s +,N/A,N/A,55,16,55,188.3,8:56,pm,
1020,-159.8,60,20,1.05,18,45,1,0,1,55,FALSE,TRUE,AI is off,No comms for 90s +,N/A,N/A,0,17,00,188.3,8:56,pm,
1025,-159.2,60,20,1.04,18,45,1,0,1,55,FALSE,TRUE,AI is off,No comms for 90s +,N/A,N/A,5,17,05,188.3,8:57,pm,
1030,-161.2,70,20,1.06,18,45,1,0,1,55,FALSE,TRUE,AI is off,No comms for 90s +,N/A,N/A,10,17,10,188.3,8:57,pm,
1035,-160.6,70,20,1.05,18,45,1,0,1,55,FALSE,TRUE,AI is off,No comms for 90s +,N/A,N/A,15,17,15,188.3,8:57,pm,
1040,-159.6,70,20,1.05,18,45,1,0,1,55,FALSE,TRUE,AI is off,No comms for 90s +,N/A,N/A,20,17,20,188.3,8:57,pm,
1045,-159.8,70,20,1.05,18,45,1,0,1,55,FALSE,TRUE,AI is off,No comms for 90s +,N/A,N/A,25,17,25,188.3,8:57,pm,
1050,-159.3,70,20,1.05,18,45,1,0,1,55,FALSE,TRUE,AI is off,No comms for 90s +,N/A,N/A,30,17,30,188.3,8:57,pm,
1055,-159.4,70,21,1.05,18,45,1,0,1,55,FALSE,TRUE,AI is off,No comms for 90s +,N/A,N/A,35,17,35,188.3,8:57,pm,
1060,-158.8,70,21,1.04,18,45,1,0,1,55,FALSE,TRUE,AI is off,No comms for 90s +,N/A,N/A,40,17,40,188.3,8:57,pm,
1065,-158.1,70,21,1.04,18,45,1,0,1,55,FALSE,TRUE,AI is off,No comms for 90s +,N/A,N/A,45,17,45,188.3,8:57,pm,
1070,-156.5,70,21,1.03,18,45,1,0,1,55,FALSE,TRUE,AI is off,No comms for 90s +,N/A,N/A,50,17,50,188.3,8:57,pm,
1075,-154.4,70,21,1.02,18,45,1,0,1,55,FALSE,TRUE,AI is off,No comms for 90s +,N/A,N/A,55,17,55,188.3,8:57,pm,
1080,-152.6,70,21,1.01,18,45,1,0,1,55,FALSE,TRUE,AI is off,No comms for 90s +,N/A,N/A,0,18,00,188.3,8:57,pm,
1085,-150.7,70,21,1,18,45,1,0,1,55,FALSE,TRUE,AI is off,No comms for 90s +,N/A,N/A,5,18,05,188.3,8:58,pm,
1090,-149.4,70,20,0.99,18,45,1,0,1,55,FALSE,TRUE,AI is off,No comms for 90s +,N/A,N/A,10,18,10,188.3,8:58,pm,
1095,-147.4,70,20,0.98,18,45,1,0,1,55,FALSE,TRUE,AI is off,No comms for 90s +,N/A,N/A,15,18,15,188.3,8:58,pm,
1100,-146.3,70,20,0.98,18,45,1,0,1,56,FALSE,TRUE,AI is off,No comms for 90s +,N/A,N/A,20,18,20,188.3,8:58,pm,
1105,-146.6,70,21,0.98,18,45,1,0,1,56,FALSE,TRUE,AI is off,No comms for 90s +,N/A,N/A,25,18,25,188.3,8:58,pm,
1110,-146.8,70,21,0.98,18,45,1,0,1,56,FALSE,TRUE,AI is off,No comms for 90s +,N/A,N/A,30,18,30,188.3,8:58,pm,
1115,-146.1,70,21,0.98,18,45,1,0,1,56,FALSE,TRUE,AI is off,No comms for 90s +,N/A,N/A,35,18,35,188.3,8:58,pm,
1120,-145.8,70,21,0.97,18,45,1,0,1,56,FALSE,TRUE,AI is off,No comms for 90s +,N/A,N/A,40,18,40,188.3,8:58,pm,
1125,-145.5,70,21,0.97,18,45,1,0,1,56,FALSE,TRUE,AI is off,No comms for 90s +,N/A,N/A,45,18,45,188.3,8:58,pm,
1130,-145,70,22,0.97,18,45,1,0,1,56,FALSE,TRUE,AI is off,No comms for 90s +,N/A,N/A,50,18,50,188.3,8:58,pm,
1135,-143.7,70,22,0.96,18,45,1,0,1,56,FALSE,TRUE,AI is off,No comms for 90s +,N/A,N/A,55,18,55,188.3,8:58,pm,
1140,-143.1,70,22,0.96,18,45,1,0,1,56,FALSE,TRUE,AI is off,No comms for 90s +,N/A,N/A,0,19,00,188.3,8:58,pm,
1145,-141.1,70,21,0.95,18,45,1,0,1,56,FALSE,TRUE,AI is off,No comms for 90s +,N/A,N/A,5,19,05,188.3,8:59,pm,
1150,-139.2,70,21,0.94,18,45,1,0,1,56,FALSE,TRUE,AI is off,No comms for 90s +,N/A,N/A,10,19,10,188.3,8:59,pm,
1155,-137.9,70,21,0.93,18,45,1,0,1,56,FALSE,TRUE,AI is off,No comms for 90s +,N/A,N/A,15,19,15,188.3,8:59,pm,
1160,-136.7,70,21,0.92,18,45,1,0,1,56,FALSE,TRUE,AI is off,No comms for 90s +,N/A,N/A,20,19,20,188.3,8:59,pm,
1165,-135.2,70,21,0.92,18,45,1,0,1,56,FALSE,TRUE,AI is off,No comms for 90s +,N/A,N/A,25,19,25,188.3,8:59,pm,
1170,-134.8,70,21,0.91,18,45,1,0,1,56,FALSE,TRUE,AI is off,No comms for 90s +,N/A,N/A,30,19,30,188.3,8:59,pm,
1175,-134.5,70,22,0.91,18,45,1,0,1,56,FALSE,TRUE,AI is off,No comms for 90s +,N/A,N/A,35,19,35,188.3,8:59,pm,
1180,-135.1,70,22,0.91,18,45,1,0,1,56,FALSE,TRUE,AI is off,No comms for 90s +,N/A,N/A,40,19,40,188.3,8:59,pm,
1185,-135.8,70,22,0.92,18,45,1,0,1,56,FALSE,TRUE,AI is off,No comms for 90s +,N/A,N/A,45,19,45,188.3,8:59,pm,
1190,-134.9,70,22,0.91,18,45,1,0,1,56,FALSE,TRUE,AI is off,No comms for 90s +,N/A,N/A,50,19,50,188.3,8:59,pm,
1195,-134.4,70,22,0.91,18,45,1,0,1,56,FALSE,TRUE,AI is off,No comms for 90s +,N/A,N/A,55,19,55,188.3,8:59,pm,
1200,-134.2,70,22,0.91,18,45,1,0,1,56,FALSE,TRUE,AI is off,No comms for 90s +,N/A,N/A,0,20,00,188.3,8:59,pm,
1205,-132.8,70,22,0.9,18,45,1,0,1,56,FALSE,TRUE,AI is off,No comms for 90s +,N/A,N/A,5,20,05,188.3,9:00,pm,
1210,-131.9,70,22,0.9,18,45,1,0,1,56,FALSE,TRUE,AI is off,No comms for 90s +,N/A,N/A,10,20,10,188.3,9:00,pm,
1215,-129.7,70,22,0.89,18,45,1,0,1,56,FALSE,TRUE,AI is off,No comms for 90s +,N/A,N/A,15,20,15,188.3,9:00,pm,
1220,-128.4,70,22,0.88,18,45,1,0,1,56,FALSE,TRUE,AI is off,No comms for 90s +,N/A,N/A,20,20,20,188.3,9:00,pm,
1225,-126.8,70,22,0.87,18,45,1,0,1,56,FALSE,TRUE,AI is off,No comms for 90s +,N/A,N/A,25,20,25,188.3,9:00,pm,
1230,-126,70,22,0.87,18,45,1,0,1,56,FALSE,TRUE,AI is off,No comms for 90s +,N/A,N/A,30,20,30,188.3,9:00,pm,
1235,-125.3,70,22,0.86,18,45,1,0,1,56,FALSE,TRUE,AI is off,No comms for 90s +,N/A,N/A,35,20,35,188.3,9:00,pm,
1240,-124.3,70,22,0.86,18,45,1,0,1,56,FALSE,TRUE,AI is off,No comms for 90s +,N/A,N/A,40,20,40,188.3,9:00,pm,
1245,-123.5,70,22,0.85,18,45,1,0,1,56,FALSE,TRUE,AI is off,No comms for 90s +,N/A,N/A,45,20,45,188.3,9:00,pm,
1250,-122.5,70,22,0.85,18,45,1,0,1,56,FALSE,TRUE,AI is off,No comms for 90s +,N/A,N/A,50,20,50,188.3,9:00,pm,
1255,-122.8,70,22,0.85,18,45,1,0,1,56,FALSE,TRUE,AI is off,No comms for 90s +,N/A,N/A,55,20,55,188.3,9:00,pm,
1260,-123.7,70,23,0.85,18,45,1,0,1,56,FALSE,TRUE,AI is off,No comms for 90s +,N/A,N/A,0,21,00,188.3,9:00,pm,
1265,-122.2,70,22,0.85,18,45,1,0,1,56,FALSE,TRUE,AI is off,No comms for 90s +,N/A,N/A,5,21,05,188.3,9:01,pm,
1270,-121.1,70,22,0.84,18,45,1,0,1,56,FALSE,TRUE,AI is off,No comms for 90s +,N/A,N/A,10,21,10,188.3,9:01,pm,
1275,-121.1,70,22,0.84,18,45,1,0,1,56,FALSE,TRUE,AI is off,No comms for 90s +,N/A,N/A,15,21,15,188.3,9:01,pm,
1280,-120.5,70,22,0.84,18,45,1,0,1,56,FALSE,TRUE,AI is off,No comms for 90s +,N/A,N/A,20,21,20,188.3,9:01,pm,
1285,-120.3,70,22,0.84,18,45,1,0,1,56,FALSE,TRUE,AI is off,No comms for 90s +,N/A,N/A,25,21,25,188.3,9:01,pm,
1290,-120.1,70,23,0.83,18,45,1,0,1,56,FALSE,TRUE,AI is off,No comms for 90s +,N/A,N/A,30,21,30,188.3,9:01,pm,
1295,-119.6,70,23,0.83,18,45,1,0,1,56,FALSE,TRUE,AI is off,No comms for 90s +,N/A,N/A,35,21,35,188.3,9:01,pm,
1300,-118.3,70,23,0.82,18,45,1,0,1,57,FALSE,TRUE,AI is off,No comms for 90s +,N/A,N/A,40,21,40,188.3,9:01,pm,
1305,-115.7,70,23,0.81,18,45,1,0,1,57,FALSE,TRUE,AI is off,No comms for 90s +,N/A,N/A,45,21,45,188.3,9:01,pm,
1310,-114.2,70,23,0.8,18,45,1,0,1,57,FALSE,TRUE,AI is off,No comms for 90s +,N/A,N/A,50,21,50,188.3,9:01,pm,
1315,-112.8,70,23,0.8,18,45,1,0,1,57,FALSE,TRUE,AI is off,No comms for 90s +,N/A,N/A,55,21,55,188.3,9:01,pm,
1320,-112.3,70,23,0.79,18,45,1,0,1,57,FALSE,TRUE,AI is off,No comms for 90s +,N/A,N/A,0,22,00,188.3,9:01,pm,
1325,-109.8,70,22,0.78,18,45,1,0,1,57,FALSE,TRUE,AI is off,No comms for 90s +,N/A,N/A,5,22,05,188.3,9:02,pm,
1330,-107.9,70,22,0.77,18,45,1,0,1,57,FALSE,TRUE,AI is off,No comms for 90s +,N/A,N/A,10,22,10,188.3,9:02,pm,
1335,-106.1,70,22,0.76,18,45,1,0,1,57,FALSE,TRUE,AI is off,No comms for 90s +,N/A,N/A,15,22,15,188.3,9:02,pm,
1340,-104.4,70,22,0.75,18,45,1,0,1,57,FALSE,TRUE,AI is off,No comms for 90s +,N/A,N/A,20,22,20,188.3,9:02,pm,
1345,-103.5,70,22,0.74,18,45,1,0,1,57,FALSE,TRUE,AI is off,No comms for 90s +,N/A,N/A,25,22,25,188.3,9:02,pm,
1350,-102.4,70,22,0.74,18,45,1,0,1,57,FALSE,TRUE,AI is off,No comms for 90s +,N/A,N/A,30,22,30,188.3,9:02,pm,
1355,-101.3,60,22,0.73,18,45,1,0,1,57,FALSE,TRUE,AI is off,No comms for 90s +,N/A,N/A,35,22,35,188.3,9:02,pm,
1360,-99.8,60,22,0.72,18,45,1,0,1,57,FALSE,TRUE,AI is off,No comms for 90s +,N/A,N/A,40,22,40,188.3,9:02,pm,
1365,-99.6,60,22,0.72,18,45,1,0,1,57,FALSE,TRUE,AI is off,No comms for 90s +,N/A,N/A,45,22,45,188.3,9:02,pm,
1370,-99.2,60,22,0.72,18,45,1,0,1,57,FALSE,TRUE,AI is off,No comms for 90s +,N/A,N/A,50,22,50,188.3,9:02,pm,
1375,-100.7,60,23,0.73,18,45,1,0,1,57,FALSE,TRUE,AI is off,No comms for 90s +,N/A,N/A,55,22,55,188.3,9:02,pm,
1380,-101.9,60,23,0.73,18,45,1,0,1,57,FALSE,TRUE,AI is off,No comms for 90s +,N/A,N/A,0,23,00,188.3,9:02,pm,
1385,-101.3,60,23,0.73,18,45,1,0,1,57,FALSE,TRUE,AI is off,No comms for 90s +,N/A,N/A,5,23,05,188.3,9:03,pm,
1390,-102.1,60,23,0.74,18,45,1,0,1,57,FALSE,TRUE,AI is off,No comms for 90s +,N/A,N/A,10,23,10,188.3,9:03,pm,
1395,-102.7,60,24,0.74,18,45,1,0,1,57,FALSE,TRUE,AI is off,No comms for 90s +,N/A,N/A,15,23,15,188.3,9:03,pm,
1400,-103.1,60,24,0.74,18,45,1,0,1,57,FALSE,TRUE,AI is off,No comms for 90s +,N/A,N/A,20,23,20,188.3,9:03,pm,
1405,-103.6,60,23,0.74,18,45,1,0,1,57,FALSE,TRUE,AI is off,No comms for 90s +,N/A,N/A,25,23,25,188.3,9:03,pm,
1410,-103.3,60,23,0.74,18,45,1,0,1,57,FALSE,TRUE,AI is off,No comms for 90s +,N/A,N/A,30,23,30,188.3,9:03,pm,
1415,-103.1,60,23,0.74,18,45,1,0,1,57,FALSE,TRUE,AI is off,No comms for 90s +,N/A,N/A,35,23,35,188.3,9:03,pm,
1420,-103.1,60,24,0.74,18,45,1,0,1,57,FALSE,TRUE,AI is off,No comms for 90s +,N/A,N/A,40,23,40,188.3,9:03,pm,
1425,-102.8,60,24,0.74,18,45,1,0,1,57,FALSE,TRUE,AI is off,No comms for 90s +,N/A,N/A,45,23,45,188.3,9:03,pm,
1430,-101.1,60,24,0.73,18,45,1,0,1,57,FALSE,TRUE,AI is off,No comms for 90s +,N/A,N/A,50,23,50,188.3,9:03,pm,
1435,-99.9,60,24,0.72,18,45,1,0,1,57,FALSE,TRUE,AI is off,No comms for 90s +,N/A,N/A,55,23,55,188.3,9:03,pm,
1440,-98.7,60,24,0.72,18,45,1,0,1,57,FALSE,TRUE,AI is off,No comms for 90s +,N/A,N/A,0,24,00,188.3,9:03,pm,
1445,-97.7,60,24,0.71,18,45,1,0,1,57,FALSE,TRUE,AI is off,No comms for 90s +,N/A,N/A,5,24,05,188.3,9:04,pm,
1450,-97.5,60,24,0.71,18,45,1,0,1,57,FALSE,TRUE,AI is off,No comms for 90s +,N/A,N/A,10,24,10,188.3,9:04,pm,
1455,-96.2,60,24,0.7,18,45,1,0,1,57,FALSE,TRUE,AI is off,No comms for 90s +,N/A,N/A,15,24,15,188.3,9:04,pm,
1460,-95.5,60,23,0.7,18,45,1,0,1,57,FALSE,TRUE,AI is off,No comms for 90s +,N/A,N/A,20,24,20,188.3,9:04,pm,
1465,-94.7,60,23,0.7,18,45,1,0,1,57,FALSE,TRUE,AI is off,No comms for 90s +,N/A,N/A,25,24,25,188.3,9:04,pm,
1470,-95,60,24,0.7,18,45,1,0,1,57,FALSE,TRUE,AI is off,No comms for 90s +,N/A,N/A,30,24,30,188.3,9:04,pm,
1475,-94.3,60,24,0.69,18,45,1,0,1,57,FALSE,TRUE,AI is off,No comms for 90s +,N/A,N/A,35,24,35,188.3,9:04,pm,
1480,-93.1,60,24,0.69,18,45,1,0,1,57,FALSE,TRUE,AI is off,No comms for 90s +,N/A,N/A,40,24,40,188.3,9:04,pm,
1485,-92.1,60,24,0.68,18,45,1,0,1,57,FALSE,TRUE,AI is off,No comms for 90s +,N/A,N/A,45,24,45,188.3,9:04,pm,
1490,-91.4,60,24,0.68,18,45,1,0,1,57,FALSE,TRUE,AI is off,No comms for 90s +,N/A,N/A,50,24,50,188.3,9:04,pm,
1495,-90.6,60,24,0.67,18,45,1,0,1,57,FALSE,TRUE,AI is off,No comms for 90s +,N/A,N/A,55,24,55,188.3,9:04,pm,
1500,-89.5,60,24,0.67,18,45,1,0,1,58,FALSE,TRUE,AI is off,No comms for 90s +,N/A,N/A,0,25,00,188.3,9:04,pm,
1505,-88.6,60,24,0.66,18,45,1,0,1,58,FALSE,TRUE,AI is off,No comms for 90s +,N/A,N/A,5,25,05,188.3,9:05,pm,
1510,-89.3,60,24,0.67,18,45,1,0,1,58,FALSE,TRUE,AI is off,No comms for 90s +,N/A,N/A,10,25,10,188.3,9:05,pm,
1515,-90.4,60,24,0.67,18,45,1,0,1,58,FALSE,TRUE,AI is off,No comms for 90s +,N/A,N/A,15,25,15,188.3,9:05,pm,
1520,-90.4,60,24,0.67,18,45,1,0,1,58,FALSE,TRUE,AI is off,No comms for 90s +,N/A,N/A,20,25,20,188.3,9:05,pm,
1525,-90.3,60,24,0.67,18,45,1,0,1,58,FALSE,TRUE,AI is off,No comms for 90s +,N/A,N/A,25,25,25,188.3,9:05,pm,
1530,-90.4,60,24,0.67,18,45,1,0,1,58,FALSE,TRUE,AI is off,No comms for 90s +,N/A,N/A,30,25,30,188.3,9:05,pm,
1535,-91.1,50,25,0.68,18,45,1,0,1,58,FALSE,TRUE,AI is off,No comms for 90s +,N/A,N/A,35,25,35,188.3,9:05,pm,
1540,-91.5,50,25,0.68,18,45,1,0,1,58,FALSE,TRUE,AI is off,No comms for 90s +,N/A,N/A,40,25,40,188.3,9:05,pm,
1545,-92,50,24,0.68,18,45,1,0,1,58,FALSE,TRUE,AI is off,No comms for 90s +,N/A,N/A,45,25,45,188.3,9:05,pm,
1550,-92.1,50,24,0.68,18,45,1,0,1,58,FALSE,TRUE,AI is off,No comms for 90s +,N/A,N/A,50,25,50,188.3,9:05,pm,
1555,-91.2,50,25,0.68,18,45,1,0,1,58,FALSE,TRUE,AI is off,No comms for 90s +,N/A,N/A,55,25,55,188.3,9:05,pm,
1560,-91,50,25,0.68,18,45,1,0,1,58,FALSE,TRUE,AI is off,No comms for 90s +,N/A,N/A,0,26,00,188.3,9:05,pm,
1565,-91.2,50,25,0.68,18,45,1,0,1,58,FALSE,TRUE,AI is off,No comms for 90s +,N/A,N/A,5,26,05,188.3,9:06,pm,
1570,-91.2,50,25,0.68,18,45,1,0,1,58,FALSE,TRUE,AI is off,No comms for 90s +,N/A,N/A,10,26,10,188.3,9:06,pm,
1575,-89.9,50,25,0.67,18,45,1,0,1,58,FALSE,TRUE,AI is off,No comms for 90s +,N/A,N/A,15,26,15,188.3,9:06,pm,
1580,-89.5,50,25,0.67,18,45,1,0,1,58,FALSE,TRUE,AI is off,No comms for 90s +,N/A,N/A,20,26,20,188.3,9:06,pm,
1585,-88.6,50,26,0.66,18,45,1,0,1,58,FALSE,TRUE,AI is off,No comms for 90s +,N/A,N/A,25,26,25,188.3,9:06,pm,
1590,-89.3,50,26,0.67,18,45,1,0,1,58,FALSE,TRUE,AI is off,No comms for 90s +,N/A,N/A,30,26,30,188.3,9:06,pm,
1595,-90.2,50,26,0.67,18,45,1,0,1,58,FALSE,TRUE,AI is off,No comms for 90s +,N/A,N/A,35,26,35,188.3,9:06,pm,
1600,-90.4,50,26,0.67,18,45,1,0,1,58,FALSE,TRUE,AI is off,No comms for 90s +,N/A,N/A,40,26,40,188.3,9:06,pm,
1605,-91,50,25,0.67,18,45,1,0,1,58,FALSE,TRUE,AI is off,No comms for 90s +,N/A,N/A,45,26,45,188.3,9:06,pm,
1610,-91.4,50,25,0.68,18,45,1,0,1,58,FALSE,TRUE,AI is off,No comms for 90s +,N/A,N/A,50,26,50,188.3,9:06,pm,
1615,-91.4,50,25,0.68,18,45,1,0,1,58,FALSE,TRUE,AI is off,No comms for 90s +,N/A,N/A,55,26,55,188.3,9:06,pm,
1620,-91.8,50,26,0.68,18,45,1,0,1,58,FALSE,TRUE,AI is off,No comms for 90s +,N/A,N/A,0,27,00,188.3,9:06,pm,
1625,-92.1,50,26,0.68,18,45,1,0,1,58,FALSE,TRUE,AI is off,No comms for 90s +,N/A,N/A,5,27,05,188.3,9:07,pm,
1630,-91.4,50,26,0.68,18,45,1,0,1,58,FALSE,TRUE,AI is off,No comms for 90s +,N/A,N/A,10,27,10,188.3,9:07,pm,
1635,-91.7,50,26,0.68,18,45,1,0,1,58,FALSE,TRUE,AI is off,No comms for 90s +,N/A,N/A,15,27,15,188.3,9:07,pm,
1640,-92.6,50,26,0.68,18,45,1,0,1,58,FALSE,TRUE,AI is off,No comms for 90s +,N/A,N/A,20,27,20,188.3,9:07,pm,
1645,-92.2,50,26,0.68,18,45,1,0,1,58,FALSE,TRUE,AI is off,No comms for 90s +,N/A,N/A,25,27,25,188.3,9:07,pm,
1650,-91.4,50,27,0.68,18,45,1,0,1,58,FALSE,TRUE,AI is off,No comms for 90s +,N/A,N/A,30,27,30,188.3,9:07,pm,
1655,-91.6,50,27,0.68,18,45,1,0,1,58,FALSE,TRUE,AI is off,No comms for 90s +,N/A,N/A,35,27,35,188.3,9:07,pm,
1660,-91.8,50,27,0.68,18,45,1,0,1,58,FALSE,TRUE,AI is off,No comms for 90s +,N/A,N/A,40,27,40,188.3,9:07,pm,
1665,-91.7,50,27,0.68,18,45,1,0,1,58,FALSE,TRUE,AI is off,No comms for 90s +,N/A,N/A,45,27,45,188.3,9:07,pm,
1670,-91.6,50,26,0.68,18,45,1,0,1,58,FALSE,TRUE,AI is off,No comms for 90s +,N/A,N/A,50,27,50,188.3,9:07,pm,
1675,-91.7,50,26,0.68,18,45,1,0,1,58,FALSE,TRUE,AI is off,No comms for 90s +,N/A,N/A,55,27,55,188.3,9:07,pm,
1680,-91.8,50,26,0.68,18,45,1,0,1,58,FALSE,TRUE,AI is off,No comms for 90s +,N/A,N/A,0,28,00,188.3,9:07,pm,
1685,-93,50,26,0.68,18,45,1,0,1,58,FALSE,TRUE,AI is off,No comms for 90s +,N/A,N/A,5,28,05,188.3,9:08,pm,
1690,-92.9,50,27,0.69,18,45,1,0,1,58,FALSE,TRUE,AI is off,No comms for 90s +,N/A,N/A,10,28,10,188.3,9:08,pm,
1695,-91.6,50,27,0.68,18,45,1,0,1,58,FALSE,TRUE,AI is off,No comms for 90s +,N/A,N/A,15,28,15,188.3,9:08,pm,
1700,-91.8,50,27,0.68,18,45,1,0,1,58,FALSE,TRUE,AI is off,No comms for 90s +,N/A,N/A,20,28,20,188.3,9:08,pm,
1705,-91.8,50,27,0.68,18,45,1,0,1,58,FALSE,TRUE,AI is off,No comms for 90s +,N/A,N/A,25,28,25,188.3,9:08,pm,
1710,-92.2,50,27,0.68,18,45,1,0,1,58,FALSE,TRUE,AI is off,No comms for 90s +,N/A,N/A,30,28,30,188.3,9:08,pm,
1715,-92,50,27,0.68,18,45,1,0,1,58,FALSE,TRUE,AI is off,No comms for 90s +,N/A,N/A,35,28,35,188.3,9:08,pm,
1720,-91,50,27,0.68,18,45,1,0,1,58,FALSE,TRUE,AI is off,No comms for 90s +,N/A,N/A,40,28,40,188.3,9:08,pm,
1725,-90.8,50,27,0.68,18,45,1,0,1,58,FALSE,TRUE,AI is off,No comms for 90s +,N/A,N/A,45,28,45,188.3,9:08,pm,
1730,-90,50,27,0.67,18,45,1,0,1,58,FALSE,TRUE,AI is off,No comms for 90s +,N/A,N/A,50,28,50,188.3,9:08,pm,
1735,-89.1,50,27,0.67,18,45,1,0,1,58,FALSE,TRUE,AI is off,No comms for 90s +,N/A,N/A,55,28,55,188.3,9:08,pm,
1740,-88.5,50,27,0.66,18,45,1,0,1,58,FALSE,TRUE,AI is off,No comms for 90s +,N/A,N/A,0,29,00,188.3,9:08,pm,
1745,-87.5,50,27,0.66,18,45,1,0,1,58,FALSE,TRUE,AI is off,No comms for 90s +,N/A,N/A,5,29,05,188.3,9:09,pm,
1750,-87,50,27,0.65,18,45,1,0,1,58,FALSE,TRUE,AI is off,No comms for 90s +,N/A,N/A,10,29,10,188.3,9:09,pm,
1755,-86.2,50,27,0.65,18,45,1,0,1,58,FALSE,TRUE,AI is off,No comms for 90s +,N/A,N/A,15,29,15,188.3,9:09,pm,
1760,-85.2,50,27,0.65,18,45,1,0,1,58,FALSE,TRUE,AI is off,No comms for 90s +,N/A,N/A,20,29,20,188.3,9:09,pm,
1765,-83.5,50,27,0.64,18,45,1,0,1,58,FALSE,TRUE,AI is off,No comms for 90s +,N/A,N/A,25,29,25,188.3,9:09,pm,
1770,-81.7,50,27,0.63,18,45,1,0,1,58,FALSE,TRUE,AI is off,No comms for 90s +,N/A,N/A,30,29,30,188.3,9:09,pm,
1775,-80.3,50,27,0.62,18,45,1,0,1,59,FALSE,TRUE,AI is off,No comms for 90s +,N/A,N/A,35,29,35,188.3,9:09,pm,
1780,-79.7,50,27,0.61,18,45,1,0,1,59,FALSE,TRUE,AI is off,No comms for 90s +,N/A,N/A,40,29,40,188.3,9:09,pm,
1785,-79.4,50,27,0.61,18,45,1,0,1,59,FALSE,TRUE,AI is off,No comms for 90s +,N/A,N/A,45,29,45,188.3,9:09,pm,
1790,-80.4,50,27,0.62,18,45,1,0,1,59,FALSE,TRUE,AI is off,No comms for 90s +,N/A,N/A,50,29,50,188.3,9:09,pm,
1795,-80.1,50,27,0.62,18,45,1,0,1,59,FALSE,TRUE,AI is off,No comms for 90s +,N/A,N/A,55,29,55,188.3,9:09,pm,
1800,-78.5,50,27,0.61,18,45,1,0,1,59,FALSE,TRUE,AI is off,No comms for 90s +,N/A,N/A,0,30,00,188.3,9:09,pm,
1805,-78.1,50,27,0.61,18,45,1,0,1,59,FALSE,TRUE,AI is off,No comms for 90s +,N/A,N/A,5,30,05,188.3,9:10,pm,
1810,-78.2,50,27,0.61,18,45,1,0,1,59,FALSE,TRUE,AI is off,No comms for 90s +,N/A,N/A,10,30,10,188.3,9:10,pm,
1815,-77.4,50,27,0.6,18,45,1,0,1,59,FALSE,TRUE,AI is off,No comms for 90s +,N/A,N/A,15,30,15,188.3,9:10,pm,
1820,-76.8,50,27,0.6,18,45,1,0,1,59,FALSE,TRUE,AI is off,No comms for 90s +,N/A,N/A,20,30,20,188.3,9:10,pm,
1825,-74.9,50,27,0.59,18,45,1,0,1,59,FALSE,TRUE,AI is off,No comms for 90s +,N/A,N/A,25,30,25,188.3,9:10,pm,
1830,-73.8,50,28,0.58,18,45,1,0,1,59,FALSE,TRUE,AI is off,No comms for 90s +,N/A,N/A,30,30,30,188.3,9:10,pm,
1835,-72.9,50,28,0.58,18,45,1,0,1,59,TRUE,TRUE,AI is off,No comms for 90s +,N/A,N/A,35,30,35,188.3,9:10,pm,
1840,-71.6,50,28,0.57,18,45,1,0,1,59,TRUE,TRUE,AI is off,No comms for 90s +,N/A,N/A,40,30,40,188.3,9:10,pm,
1845,-71,50,28,0.57,18,45,1,0,1,59,TRUE,TRUE,AI is off,No comms for 90s +,N/A,N/A,45,30,45,188.3,9:10,pm,
1850,-69.6,50,27,0.56,18,45,1,0,1,59,TRUE,TRUE,AI is off,No comms for 90s +,N/A,N/A,50,30,50,188.3,9:10,pm,
1855,-68.1,50,27,0.55,18,45,1,0,1,59,TRUE,TRUE,AI is off,No comms for 90s +,N/A,N/A,55,30,55,188.3,9:10,pm,
1860,-67.8,50,27,0.55,18,45,1,0,1,60,TRUE,TRUE,AI is off,No comms for 90s +,N/A,N/A,0,31,00,188.3,9:10,pm,
1865,-68,50,27,0.55,18,45,1,0,1,60,TRUE,TRUE,AI is off,No comms for 90s +,N/A,N/A,5,31,05,188.3,9:11,pm,
1870,-67.9,50,27,0.55,18,45,1,0,1,60,TRUE,TRUE,AI is off,No comms for 90s +,N/A,N/A,10,31,10,188.3,9:11,pm,
1875,-67,50,27,0.55,18,45,1,0,1,60,TRUE,TRUE,AI is off,No comms for 90s +,N/A,N/A,15,31,15,188.3,9:11,pm,
1880,-66.9,50,28,0.55,18,45,1,0,1,60,TRUE,TRUE,AI is off,No comms for 90s +,N/A,N/A,20,31,20,188.3,9:11,pm,
1885,-66,50,28,0.54,18,45,1,0,1,60,TRUE,TRUE,AI is off,No comms for 90s +,N/A,N/A,25,31,25,188.3,9:11,pm,
1890,-64.8,50,28,0.53,18,45,1,0,1,60,TRUE,TRUE,AI is off,No comms for 90s +,N/A,N/A,30,31,30,188.3,9:11,pm,
1895,-62.5,50,28,0.52,18,45,1,0,1,60,TRUE,TRUE,AI is off,No comms for 90s +,N/A,N/A,35,31,35,188.3,9:11,pm,
1900,-61,50,27,0.51,18,45,1,0,1,60,TRUE,TRUE,AI is off,No comms for 90s +,N/A,N/A,40,31,40,188.3,9:11,pm,
1905,-61,50,27,0.51,18,45,1,0,1,60,TRUE,TRUE,AI is off,No comms for 90s +,N/A,N/A,45,31,45,188.3,9:11,pm,
1910,-60.4,50,27,0.51,18,45,1,0,1,60,TRUE,TRUE,AI is off,No comms for 90s +,N/A,N/A,50,31,50,188.3,9:11,pm,
1915,-60.8,50,27,0.51,18,45,1,0,1,61,TRUE,TRUE,AI is off,No comms for 90s +,N/A,N/A,55,31,55,188.3,9:11,pm,
1920,-61.2,50,27,0.51,18,45,1,0,1,61,TRUE,TRUE,AI is off,No comms for 90s +,N/A,N/A,0,32,00,188.3,9:11,pm,
1925,-59.8,40,27,0.51,18,45,2,0,1,61,TRUE,TRUE,AI is off,No comms for 90s +,N/A,N/A,5,32,05,188.3,9:12,pm,
1930,-58.8,40,27,0.5,18,45,2,0,1,61,TRUE,TRUE,AI is off,No comms for 90s +,N/A,N/A,10,32,10,188.3,9:12,pm,
1935,-59.9,50,28,0.51,18,45,1,0,1,61,TRUE,TRUE,AI is off,No comms for 90s +,N/A,N/A,15,32,15,188.3,9:12,pm,
1940,-61.1,40,27,0.51,18,45,2,0,1,61,TRUE,TRUE,AI is off,No comms for 90s +,N/A,N/A,20,32,20,188.3,9:12,pm,
1945,-59.8,40,27,0.51,18,45,2,0,1,61,TRUE,TRUE,AI is off,No comms for 90s +,N/A,N/A,25,32,25,188.3,9:12,pm,
1950,-58.5,50,28,0.5,18,45,1,0,1,61,TRUE,TRUE,AI is off,No comms for 90s +,N/A,N/A,30,32,30,188.3,9:12,pm,
1955,-58.3,40,28,0.5,18,45,2,0,1,61,TRUE,TRUE,AI is off,No comms for 90s +,N/A,N/A,35,32,35,188.3,9:12,pm,
1960,-58.7,40,28,0.5,18,45,2,0,1,61,TRUE,TRUE,AI is off,No comms for 90s +,N/A,N/A,40,32,40,188.3,9:12,pm,
1965,-59.6,40,28,0.51,18,45,2,0,1,61,TRUE,TRUE,AI is off,No comms for 90s +,N/A,N/A,45,32,45,188.3,9:12,pm,
1970,-59.1,40,28,0.5,18,45,2,0,1,61,TRUE,TRUE,AI is off,No comms for 90s +,N/A,N/A,50,32,50,188.3,9:12,pm,
1975,-58.3,40,28,0.5,18,45,2,0,1,61,TRUE,TRUE,AI is off,No comms for 90s +,N/A,N/A,55,32,55,188.3,9:12,pm,
1980,-58.6,40,28,0.5,18,45,2,0,1,61,TRUE,TRUE,AI is off,No comms for 90s +,N/A,N/A,0,33,00,188.3,9:12,pm,
1985,-59.5,40,27,0.51,18,45,2,0,1,61,TRUE,TRUE,AI is off,No comms for 90s +,N/A,N/A,5,33,05,188.3,9:13,pm,
1990,-59.2,40,27,0.5,18,45,2,0,1,61,TRUE,TRUE,AI is off,No comms for 90s +,N/A,N/A,10,33,10,188.3,9:13,pm,
1995,-59.7,40,27,0.5,18,45,2,0,1,61,TRUE,TRUE,AI is off,No comms for 90s +,N/A,N/A,15,33,15,188.3,9:13,pm,
2000,-59.6,40,28,0.51,18,45,2,0,1,62,TRUE,TRUE,AI is off,No comms for 90s +,N/A,N/A,20,33,20,188.3,9:13,pm,
2005,-59.6,40,28,0.51,18,45,2,0,1,62,TRUE,TRUE,AI is off,No comms for 90s +,N/A,N/A,25,33,25,188.3,9:13,pm,
2010,-59.2,40,28,0.5,18,45,2,0,1,62,TRUE,TRUE,AI is off,No comms for 90s +,N/A,N/A,30,33,30,188.3,9:13,pm,
2015,-58.8,40,28,1.39,50,0,2,0,1,62,FALSE,TRUE,AI is off,No comms for 90s +,N/A,N/A,35,33,35,188.3,9:13,pm,Nx50
2020,-58.7,40,28,1.39,50,0,2,0,1,62,FALSE,TRUE,AI is off,No comms for 90s +,N/A,N/A,40,33,40,188.3,9:13,pm,Nx50
2025,-59,40,28,1.4,50,0,2,0,1,62,FALSE,TRUE,AI is off,No comms for 90s +,N/A,N/A,45,33,45,188.3,9:13,pm,Nx50
2030,-58.8,40,28,1.39,50,0,2,0,1,62,FALSE,TRUE,AI is off,No comms for 90s +,N/A,N/A,50,33,50,188.3,9:13,pm,Nx50
2035,-58.8,40,28,1.39,50,0,2,0,1,62,FALSE,TRUE,AI is off,No comms for 90s +,N/A,N/A,55,33,55,188.3,9:13,pm,Nx50
2040,-58.8,40,27,1.39,50,0,1,0,1,62,FALSE,TRUE,AI is off,No comms for 90s +,N/A,N/A,0,34,00,188.3,9:13,pm,Nx50
2045,-58.1,40,27,1.38,50,0,1,0,1,62,FALSE,TRUE,AI is off,No comms for 90s +,N/A,N/A,5,34,05,188.3,9:14,pm,Nx50
2050,-59.1,40,27,1.4,50,0,1,0,1,62,FALSE,TRUE,AI is off,No comms for 90s +,N/A,N/A,10,34,10,188.3,9:14,pm,Nx50
2055,-59.8,40,27,1.41,50,0,1,0,1,62,FALSE,TRUE,AI is off,No comms for 90s +,N/A,N/A,15,34,15,188.3,9:14,pm,Nx50
2060,-58.8,40,27,1.39,50,0,1,0,1,62,FALSE,TRUE,AI is off,No comms for 90s +,N/A,N/A,20,34,20,188.3,9:14,pm,Nx50
2065,-58.5,40,27,1.39,50,0,1,0,1,62,FALSE,TRUE,AI is off,No comms for 90s +,N/A,N/A,25,34,25,188.3,9:14,pm,Nx50
2070,-57.5,40,27,1.37,50,0,1,0,1,62,FALSE,TRUE,AI is off,No comms for 90s +,N/A,N/A,30,34,30,188.3,9:14,pm,Nx50
2075,-56,40,27,1.35,50,0,1,0,1,62,FALSE,TRUE,AI is off,No comms for 90s +,N/A,N/A,35,34,35,188.3,9:14,pm,Nx50
2080,-53.5,40,27,1.32,50,0,1,0,1,62,FALSE,TRUE,AI is off,No comms for 90s +,N/A,N/A,40,34,40,188.3,9:14,pm,Nx50
2085,-51.5,40,27,1.28,50,0,1,0,1,62,FALSE,TRUE,AI is off,No comms for 90s +,N/A,N/A,45,34,45,188.3,9:14,pm,Nx50
2090,-49.6,40,27,1.26,50,0,1,0,1,62,FALSE,TRUE,AI is off,No comms for 90s +,N/A,N/A,50,34,50,188.3,9:14,pm,Nx50
2095,-48.6,40,27,1.24,50,0,1,0,1,62,FALSE,TRUE,AI is off,No comms for 90s +,N/A,N/A,55,34,55,188.3,9:14,pm,Nx50
2100,-47.8,40,26,1.23,50,0,1,0,1,62,FALSE,TRUE,AI is off,No comms for 90s +,N/A,N/A,0,35,00,188.3,9:14,pm,Nx50
2105,-46.3,40,26,1.2,50,0,1,0,1,62,FALSE,TRUE,AI is off,No comms for 90s +,N/A,N/A,5,35,05,188.3,9:15,pm,Nx50
2110,-46.3,40,26,1.2,50,0,1,0,1,62,FALSE,TRUE,AI is off,No comms for 90s +,N/A,N/A,10,35,10,188.3,9:15,pm,Nx50
2115,-44.9,40,26,1.19,50,0,1,0,1,62,FALSE,TRUE,AI is off,No comms for 90s +,N/A,N/A,15,35,15,188.3,9:15,pm,Nx50
2120,-42.5,40,26,1.15,50,0,1,0,1,62,FALSE,TRUE,AI is off,No comms for 90s +,N/A,N/A,20,35,20,188.3,9:15,pm,Nx50
2125,-42,40,26,1.14,50,0,1,0,1,62,FALSE,TRUE,AI is off,No comms for 90s +,N/A,N/A,25,35,25,188.3,9:15,pm,Nx50
2130,-41.6,40,26,1.13,50,0,1,0,1,62,FALSE,TRUE,AI is off,No comms for 90s +,N/A,N/A,30,35,30,188.3,9:15,pm,Nx50
2135,-40.9,40,26,1.12,50,0,1,0,1,62,FALSE,TRUE,AI is off,No comms for 90s +,N/A,N/A,35,35,35,188.3,9:15,pm,Nx50
2140,-40.5,30,26,1.12,50,0,4,0,1,62,FALSE,TRUE,AI is off,No comms for 90s +,N/A,N/A,40,35,40,188.3,9:15,pm,Nx50
2145,-40.1,30,26,1.11,50,0,4,0,1,62,FALSE,TRUE,AI is off,No comms for 90s +,N/A,N/A,45,35,45,188.3,9:15,pm,Nx50
2150,-40.9,30,26,1.12,50,0,4,0,1,62,FALSE,TRUE,AI is off,No comms for 90s +,N/A,N/A,50,35,50,188.3,9:15,pm,Nx50
2155,-42.2,30,26,1.14,50,0,4,0,1,62,FALSE,TRUE,AI is off,No comms for 90s +,N/A,N/A,55,35,55,188.3,9:15,pm,Nx50
2160,-43.1,30,26,1.16,50,0,4,0,1,62,FALSE,TRUE,AI is off,No comms for 90s +,N/A,N/A,0,36,00,188.3,9:15,pm,Nx50
2165,-42.4,30,26,1.14,50,0,4,0,1,62,FALSE,TRUE,AI is off,No comms for 90s +,N/A,N/A,5,36,05,188.3,9:16,pm,Nx50
2170,-42.1,30,26,1.14,50,0,3,0,1,62,FALSE,TRUE,AI is off,No comms for 90s +,N/A,N/A,10,36,10,188.3,9:16,pm,Nx50
2175,-41.7,30,26,1.14,50,0,3,0,1,62,FALSE,TRUE,AI is off,No comms for 90s +,N/A,N/A,15,36,15,188.3,9:16,pm,Nx50
2180,-40.8,30,25,1.12,50,0,3,0,1,62,FALSE,TRUE,AI is off,No comms for 90s +,N/A,N/A,20,36,20,188.3,9:16,pm,Nx50
2185,-40.5,30,25,1.11,50,0,3,0,1,62,FALSE,TRUE,AI is off,No comms for 90s +,N/A,N/A,25,36,25,188.3,9:16,pm,Nx50
2190,-41.1,30,25,1.12,50,0,3,0,1,62,FALSE,TRUE,AI is off,No comms for 90s +,N/A,N/A,30,36,30,188.3,9:16,pm,Nx50
2195,-41.7,30,25,1.13,50,0,3,0,1,62,FALSE,TRUE,AI is off,No comms for 90s +,N/A,N/A,35,36,35,188.3,9:16,pm,Nx50
2200,-42.1,30,25,1.14,50,0,3,0,1,62,FALSE,TRUE,AI is off,No comms for 90s +,N/A,N/A,40,36,40,188.3,9:16,pm,Nx50
2205,-42.5,30,25,1.15,50,0,3,0,1,62,FALSE,TRUE,AI is off,No comms for 90s +,N/A,N/A,45,36,45,188.3,9:16,pm,Nx50
2210,-43,30,25,1.15,50,0,3,0,1,62,FALSE,TRUE,AI is off,No comms for 90s +,N/A,N/A,50,36,50,188.3,9:16,pm,Nx50
2215,-43,30,25,1.15,50,0,3,0,1,62,FALSE,TRUE,AI is off,No comms for 90s +,N/A,N/A,55,36,55,188.3,9:16,pm,Nx50
2220,-43.2,30,25,1.16,50,0,3,0,1,62,FALSE,TRUE,AI is off,No comms for 90s +,N/A,N/A,0,37,00,188.3,9:16,pm,Nx50
2225,-42,30,25,1.14,50,0,3,0,1,62,FALSE,TRUE,AI is off,No comms for 90s +,N/A,N/A,5,37,05,188.3,9:17,pm,Nx50
2230,-41.5,30,25,1.13,50,0,3,0,1,62,FALSE,TRUE,AI is off,No comms for 90s +,N/A,N/A,10,37,10,188.3,9:17,pm,Nx50
2235,-41.3,30,24,1.13,50,0,2,0,1,62,FALSE,TRUE,AI is off,No comms for 90s +,N/A,N/A,15,37,15,188.3,9:17,pm,Nx50
2240,-41.8,30,24,1.14,50,0,2,0,1,62,FALSE,TRUE,AI is off,No comms for 90s +,N/A,N/A,20,37,20,188.3,9:17,pm,Nx50
2245,-41.4,30,24,1.13,50,0,2,0,1,62,FALSE,TRUE,AI is off,No comms for 90s +,N/A,N/A,25,37,25,188.3,9:17,pm,Nx50
2250,-41.3,30,24,1.13,50,0,2,0,1,62,FALSE,TRUE,AI is off,No comms for 90s +,N/A,N/A,30,37,30,188.3,9:17,pm,Nx50
2255,-42,30,24,1.14,50,0,2,0,1,62,FALSE,TRUE,AI is off,No comms for 90s +,N/A,N/A,35,37,35,188.3,9:17,pm,Nx50
2260,-42.1,30,24,1.14,50,0,2,0,1,62,FALSE,TRUE,AI is off,No comms for 90s +,N/A,N/A,40,37,40,188.3,9:17,pm,Nx50
2265,-41.6,30,24,1.13,50,0,2,0,1,62,FALSE,TRUE,AI is off,No comms for 90s +,N/A,N/A,45,37,45,188.3,9:17,pm,Nx50
2270,-41.8,30,24,1.14,50,0,2,0,1,62,FALSE,TRUE,AI is off,No comms for 90s +,N/A,N/A,50,37,50,188.3,9:17,pm,Nx50
2275,-41.8,30,24,1.14,50,0,2,0,1,62,FALSE,TRUE,AI is off,No comms for 90s +,N/A,N/A,55,37,55,188.3,9:17,pm,Nx50
2280,-41.3,30,24,1.13,50,0,2,0,1,62,FALSE,TRUE,AI is off,No comms for 90s +,N/A,N/A,0,38,00,188.3,9:17,pm,Nx50
2285,-40.7,30,24,1.12,50,0,2,0,1,62,FALSE,TRUE,AI is off,No comms for 90s +,N/A,N/A,5,38,05,188.3,9:18,pm,Nx50
2290,-39.7,30,24,1.11,50,0,2,0,1,62,FALSE,TRUE,AI is off,No comms for 90s +,N/A,N/A,10,38,10,188.3,9:18,pm,Nx50
2295,-39.7,30,23,1.1,50,0,2,0,1,62,FALSE,TRUE,AI is off,No comms for 90s +,N/A,N/A,15,38,15,188.3,9:18,pm,Nx50
2300,-39.2,30,23,1.1,50,0,2,0,1,62,FALSE,TRUE,AI is off,No comms for 90s +,N/A,N/A,20,38,20,188.3,9:18,pm,Nx50
2305,-39.6,30,23,1.1,50,0,1,0,1,62,FALSE,TRUE,AI is off,No comms for 90s +,N/A,N/A,25,38,25,188.3,9:18,pm,Nx50
2310,-40,30,23,1.11,50,0,1,0,1,62,FALSE,TRUE,AI is off,No comms for 90s +,N/A,N/A,30,38,30,188.3,9:18,pm,Nx50
2315,-40.1,30,23,1.11,50,0,1,0,1,62,FALSE,TRUE,AI is off,No comms for 90s +,N/A,N/A,35,38,35,188.3,9:18,pm,Nx50
2320,-40.2,30,23,1.11,50,0,1,0,1,62,FALSE,TRUE,AI is off,No comms for 90s +,N/A,N/A,40,38,40,188.3,9:18,pm,Nx50
2325,-41.3,30,23,1.13,50,0,1,0,1,62,FALSE,TRUE,AI is off,No comms for 90s +,N/A,N/A,45,38,45,188.3,9:18,pm,Nx50
2330,-40.6,30,23,1.12,50,0,1,0,1,62,FALSE,TRUE,AI is off,No comms for 90s +,N/A,N/A,50,38,50,188.3,9:18,pm,Nx50
2335,-40.5,30,23,1.12,50,0,1,0,1,62,FALSE,TRUE,AI is off,No comms for 90s +,N/A,N/A,55,38,55,188.3,9:18,pm,Nx50
2340,-40.7,30,23,1.12,50,0,1,0,1,62,FALSE,TRUE,AI is off,No comms for 90s +,N/A,N/A,0,39,00,188.3,9:18,pm,Nx50
2345,-39.7,30,23,1.11,50,0,1,0,1,62,FALSE,TRUE,AI is off,No comms for 90s +,N/A,N/A,5,39,05,188.3,9:19,pm,Nx50
2350,-39.6,30,23,1.1,50,0,1,0,1,62,FALSE,TRUE,AI is off,No comms for 90s +,N/A,N/A,10,39,10,188.3,9:19,pm,Nx50
2355,-39.7,30,23,1.1,50,0,1,0,1,62,FALSE,TRUE,AI is off,No comms for 90s +,N/A,N/A,15,39,15,188.3,9:19,pm,Nx50
2360,-39.7,30,23,1.1,50,0,1,0,1,62,FALSE,TRUE,AI is off,No comms for 90s +,N/A,N/A,20,39,20,188.3,9:19,pm,Nx50
2365,-39.8,20,23,1.11,50,0,21,0,1,62,FALSE,TRUE,AI is off,No comms for 90s +,N/A,N/A,25,39,25,188.3,9:19,pm,Nx50
2370,-38.6,20,23,1.09,50,0,21,0,1,62,FALSE,TRUE,AI is off,No comms for 90s +,N/A,N/A,30,39,30,188.3,9:19,pm,Nx50
2375,-37.1,20,23,1.07,50,0,21,0,1,62,FALSE,TRUE,AI is off,No comms for 90s +,N/A,N/A,35,39,35,188.3,9:19,pm,Nx50
2380,-36.1,20,22,1.05,50,0,21,0,1,62,FALSE,TRUE,AI is off,No comms for 90s +,N/A,N/A,40,39,40,188.3,9:19,pm,Nx50
2385,-35.4,20,22,1.04,50,0,21,0,1,62,FALSE,TRUE,AI is off,No comms for 90s +,N/A,N/A,45,39,45,188.3,9:19,pm,Nx50
2390,-34.7,20,22,1.03,50,0,21,0,1,62,FALSE,TRUE,AI is off,No comms for 90s +,N/A,N/A,50,39,50,188.3,9:19,pm,Nx50
2395,-35.3,20,22,1.04,50,0,21,0,1,62,FALSE,TRUE,AI is off,No comms for 90s +,N/A,N/A,55,39,55,188.3,9:19,pm,Nx50
2400,-35.8,20,22,1.04,50,0,21,0,1,62,FALSE,TRUE,AI is off,No comms for 90s +,N/A,N/A,0,40,00,188.3,9:19,pm,Nx50
2405,-35.7,20,22,1.04,50,0,21,0,1,62,FALSE,TRUE,AI is off,No comms for 90s +,N/A,N/A,5,40,05,188.3,9:20,pm,Nx50
2410,-36.5,20,22,1.06,50,0,21,0,1,62,FALSE,TRUE,AI is off,No comms for 90s +,N/A,N/A,10,40,10,188.3,9:20,pm,Nx50
2415,-35.6,20,22,1.04,50,0,21,0,1,62,FALSE,TRUE,AI is off,No comms for 90s +,N/A,N/A,15,40,15,188.3,9:20,pm,Nx50
2420,-36.8,20,22,1.06,50,0,21,0,1,62,FALSE,TRUE,AI is off,No comms for 90s +,N/A,N/A,20,40,20,188.3,9:20,pm,Nx50
2425,-36.4,20,22,1.06,50,0,21,0,1,62,FALSE,TRUE,AI is off,No comms for 90s +,N/A,N/A,25,40,25,188.3,9:20,pm,Nx50
2430,-36.5,20,21,1.05,50,0,20,0,1,62,FALSE,TRUE,AI is off,No comms for 90s +,N/A,N/A,30,40,30,188.3,9:20,pm,Nx50
2435,-36.2,20,21,1.05,50,0,20,0,1,62,FALSE,TRUE,AI is off,No comms for 90s +,N/A,N/A,35,40,35,188.3,9:20,pm,Nx50
2440,-36.2,20,21,1.05,50,0,20,0,1,62,FALSE,TRUE,AI is off,No comms for 90s +,N/A,N/A,40,40,40,188.3,9:20,pm,Nx50
2445,-34.8,20,21,1.03,50,0,20,0,1,62,FALSE,TRUE,AI is off,No comms for 90s +,N/A,N/A,45,40,45,188.3,9:20,pm,Nx50
2450,-35.1,20,21,1.03,50,0,20,0,1,62,FALSE,TRUE,AI is off,No comms for 90s +,N/A,N/A,50,40,50,188.3,9:20,pm,Nx50
2455,-33.3,20,21,1.01,50,0,20,0,1,62,FALSE,TRUE,AI is off,No comms for 90s +,N/A,N/A,55,40,55,188.3,9:20,pm,Nx50
2460,-32.4,20,21,1,50,0,20,0,1,62,FALSE,TRUE,AI is off,No comms for 90s +,N/A,N/A,0,41,00,188.3,9:20,pm,Nx50
2465,-32.5,20,21,1,50,0,20,0,1,62,FALSE,TRUE,AI is off,No comms for 90s +,N/A,N/A,5,41,05,188.3,9:21,pm,Nx50
2470,-32.1,20,21,0.99,50,0,20,0,1,62,FALSE,TRUE,AI is off,No comms for 90s +,N/A,N/A,10,41,10,188.3,9:21,pm,Nx50
2475,-32.6,20,21,1,50,0,20,0,1,62,FALSE,TRUE,AI is off,No comms for 90s +,N/A,N/A,15,41,15,188.3,9:21,pm,Nx50
2480,-30.9,20,21,0.98,50,0,20,0,1,62,FALSE,TRUE,AI is off,No comms for 90s +,N/A,N/A,20,41,20,188.3,9:21,pm,Nx50
2485,-30.2,20,21,0.96,50,0,20,0,1,62,FALSE,TRUE,AI is off,No comms for 90s +,N/A,N/A,25,41,25,188.3,9:21,pm,Nx50
2490,-30,20,21,0.96,50,0,20,0,1,62,FALSE,TRUE,AI is off,No comms for 90s +,N/A,N/A,30,41,30,188.3,9:21,pm,Nx50
2495,-30,20,21,0.96,50,0,20,0,1,62,FALSE,TRUE,AI is off,No comms for 90s +,N/A,N/A,35,41,35,188.3,9:21,pm,Nx50
2500,-30.4,20,20,0.96,50,0,19,0,1,62,FALSE,TRUE,AI is off,No comms for 90s +,N/A,N/A,40,41,40,188.3,9:21,pm,Nx50
2505,-30,20,20,0.96,50,0,19,0,1,62,FALSE,TRUE,AI is off,No comms for 90s +,N/A,N/A,45,41,45,188.3,9:21,pm,Nx50
2510,-29.6,20,20,0.95,50,0,19,0,1,62,FALSE,TRUE,AI is off,No comms for 90s +,N/A,N/A,50,41,50,188.3,9:21,pm,Nx50
2515,-27.3,20,20,0.92,50,0,19,0,1,62,FALSE,TRUE,AI is off,No comms for 90s +,N/A,N/A,55,41,55,188.3,9:21,pm,Nx50
2520,-26.6,20,20,0.9,50,0,19,0,1,62,FALSE,TRUE,AI is off,No comms for 90s +,N/A,N/A,0,42,00,188.3,9:21,pm,Nx50
2525,-27.5,20,20,0.92,50,0,19,0,1,62,FALSE,TRUE,AI is off,No comms for 90s +,N/A,N/A,5,42,05,188.3,9:22,pm,Nx50
2530,-26.6,20,20,0.91,50,0,19,0,1,62,FALSE,TRUE,AI is off,No comms for 90s +,N/A,N/A,10,42,10,188.3,9:22,pm,Nx50
2535,-26.2,20,20,0.91,50,0,19,0,1,62,FALSE,TRUE,AI is off,No comms for 90s +,N/A,N/A,15,42,15,188.3,9:22,pm,Nx50
2540,-24.6,20,20,0.88,50,0,19,0,1,62,FALSE,TRUE,AI is off,No comms for 90s +,N/A,N/A,20,42,20,188.3,9:22,pm,Nx50
2545,-24.7,20,20,0.88,50,0,19,0,1,62,FALSE,TRUE,AI is off,No comms for 90s +,N/A,N/A,25,42,25,188.3,9:22,pm,Nx50
2550,-25.7,20,20,0.89,50,0,19,0,1,62,FALSE,TRUE,AI is off,No comms for 90s +,N/A,N/A,30,42,30,188.3,9:22,pm,Nx50
2555,-26.4,20,20,0.91,50,0,19,0,1,62,FALSE,TRUE,AI is off,No comms for 90s +,N/A,N/A,35,42,35,188.3,9:22,pm,Nx50
2560,-26.4,20,20,0.9,50,0,19,0,1,62,FALSE,TRUE,AI is off,No comms for 90s +,N/A,N/A,40,42,40,188.3,9:22,pm,Nx50
2565,-26,20,20,0.9,50,0,19,0,1,62,FALSE,TRUE,AI is off,No comms for 90s +,N/A,N/A,45,42,45,188.3,9:22,pm,Nx50
2570,-27.6,20,20,0.92,50,0,19,0,1,62,FALSE,TRUE,AI is off,No comms for 90s +,N/A,N/A,50,42,50,188.3,9:22,pm,Nx50
2575,-27.8,20,19,0.93,50,0,18,0,1,62,FALSE,TRUE,AI is off,No comms for 90s +,N/A,N/A,55,42,55,188.3,9:22,pm,Nx50
2580,-27,20,19,0.92,50,0,18,0,1,62,FALSE,TRUE,AI is off,No comms for 90s +,N/A,N/A,0,43,00,188.3,9:22,pm,Nx50
2585,-25.5,20,19,0.89,50,0,18,0,1,62,FALSE,TRUE,AI is off,No comms for 90s +,N/A,N/A,5,43,05,188.3,9:23,pm,Nx50
2590,-25.9,20,19,0.9,50,0,18,0,1,62,FALSE,TRUE,AI is off,No comms for 90s +,N/A,N/A,10,43,10,188.3,9:23,pm,Nx50
2595,-26,20,19,0.9,50,0,18,0,1,62,FALSE,TRUE,AI is off,No comms for 90s +,N/A,N/A,15,43,15,188.3,9:23,pm,Nx50
2600,-26,20,19,0.9,50,0,18,0,1,62,FALSE,TRUE,AI is off,No comms for 90s +,N/A,N/A,20,43,20,188.3,9:23,pm,Nx50
2605,-26.5,20,19,0.9,50,0,18,0,1,62,FALSE,TRUE,AI is off,No comms for 90s +,N/A,N/A,25,43,25,188.3,9:23,pm,Nx50
2610,-27.1,20,19,0.91,50,0,18,0,1,62,FALSE,TRUE,AI is off,No comms for 90s +,N/A,N/A,30,43,30,188.3,9:23,pm,Nx50
2615,-27.8,20,19,0.92,50,0,18,0,1,62,FALSE,TRUE,AI is off,No comms for 90s +,N/A,N/A,35,43,35,188.3,9:23,pm,Nx50
2620,-27.9,20,19,0.93,50,0,18,0,1,62,FALSE,TRUE,AI is off,No comms for 90s +,N/A,N/A,40,43,40,188.3,9:23,pm,Nx50
2625,-26.7,20,19,0.91,50,0,18,0,1,62,FALSE,TRUE,AI is off,No comms for 90s +,N/A,N/A,45,43,45,188.3,9:23,pm,Nx50
2630,-27.7,20,19,0.92,50,0,18,0,1,62,FALSE,TRUE,AI is off,No comms for 90s +,N/A,N/A,50,43,50,188.3,9:23,pm,Nx50
2635,-27.6,20,19,0.92,50,0,18,0,1,62,FALSE,TRUE,AI is off,No comms for 90s +,N/A,N/A,55,43,55,188.3,9:23,pm,Nx50
2640,-28.2,20,18,0.93,50,0,17,0,1,62,FALSE,TRUE,AI is off,No comms for 90s +,N/A,N/A,0,44,00,188.3,9:23,pm,Nx50
2645,-28.4,20,18,0.94,50,0,17,0,1,62,FALSE,TRUE,AI is off,No comms for 90s +,N/A,N/A,5,44,05,188.3,9:24,pm,Nx50
2650,-25.8,20,18,0.9,50,0,17,0,1,62,FALSE,TRUE,AI is off,No comms for 90s +,N/A,N/A,10,44,10,188.3,9:24,pm,Nx50
2655,-24.9,20,18,0.88,50,0,17,0,1,62,FALSE,TRUE,AI is off,No comms for 90s +,N/A,N/A,15,44,15,188.3,9:24,pm,Nx50
2660,-25.1,20,18,0.89,50,0,17,0,1,62,FALSE,TRUE,AI is off,No comms for 90s +,N/A,N/A,20,44,20,188.3,9:24,pm,Nx50
2665,-24.8,20,18,0.88,50,0,17,0,1,62,FALSE,TRUE,AI is off,No comms for 90s +,N/A,N/A,25,44,25,188.3,9:24,pm,Nx50
2670,-24.5,20,18,0.88,50,0,17,0,1,62,FALSE,TRUE,AI is off,No comms for 90s +,N/A,N/A,30,44,30,188.3,9:24,pm,Nx50
2675,-23.6,20,18,0.86,50,0,17,0,1,62,FALSE,TRUE,AI is off,No comms for 90s +,N/A,N/A,35,44,35,188.3,9:24,pm,Nx50
2680,-23.1,20,18,0.86,50,0,17,0,1,62,FALSE,TRUE,AI is off,No comms for 90s +,N/A,N/A,40,44,40,188.3,9:24,pm,Nx50
2685,-22,20,18,0.84,50,0,17,0,1,62,FALSE,TRUE,AI is off,No comms for 90s +,N/A,N/A,45,44,45,188.3,9:24,pm,Nx50
2690,-22.2,20,18,0.84,50,0,17,0,1,62,FALSE,TRUE,AI is off,No comms for 90s +,N/A,N/A,50,44,50,188.3,9:24,pm,Nx50
2695,-21.6,20,18,0.83,50,0,17,0,1,62,FALSE,TRUE,AI is off,No comms for 90s +,N/A,N/A,55,44,55,188.3,9:24,pm,Nx50
2700,-21.4,20,18,0.83,50,0,17,0,1,62,FALSE,TRUE,AI is off,No comms for 90s +,N/A,N/A,0,45,00,188.3,9:24,pm,Nx50
2705,-21.3,20,17,0.83,50,0,16,0,1,62,FALSE,TRUE,AI is off,No comms for 90s +,N/A,N/A,5,45,05,188.3,9:25,pm,Nx50
2710,-22.6,20,17,0.85,50,0,16,0,1,62,FALSE,TRUE,AI is off,No comms for 90s +,N/A,N/A,10,45,10,188.3,9:25,pm,Nx50
2715,-22.5,20,17,0.85,50,0,16,0,1,62,FALSE,TRUE,AI is off,No comms for 90s +,N/A,N/A,15,45,15,188.3,9:25,pm,Nx50
2720,-22.7,20,17,0.85,50,0,16,0,1,62,FALSE,TRUE,AI is off,No comms for 90s +,N/A,N/A,20,45,20,188.3,9:25,pm,Nx50
2725,-22.5,20,17,0.85,50,0,16,0,1,62,FALSE,TRUE,AI is off,No comms for 90s +,N/A,N/A,25,45,25,188.3,9:25,pm,Nx50
2730,-22.3,20,17,0.84,50,0,16,0,1,62,FALSE,TRUE,AI is off,No comms for 90s +,N/A,N/A,30,45,30,188.3,9:25,pm,Nx50
2735,-21.3,20,17,0.83,50,0,16,0,1,62,FALSE,TRUE,AI is off,No comms for 90s +,N/A,N/A,35,45,35,188.3,9:25,pm,Nx50
2740,-22.1,20,17,0.84,50,0,16,0,1,62,FALSE,TRUE,AI is off,No comms for 90s +,N/A,N/A,40,45,40,188.3,9:25,pm,Nx50
2745,-22.5,20,17,0.85,50,0,16,0,1,62,FALSE,TRUE,AI is off,No comms for 90s +,N/A,N/A,45,45,45,188.3,9:25,pm,Nx50
2750,-23,20,17,0.85,50,0,16,0,1,62,FALSE,TRUE,AI is off,No comms for 90s +,N/A,N/A,50,45,50,188.3,9:25,pm,Nx50
2755,-22,20,17,0.84,50,0,16,0,1,62,FALSE,TRUE,AI is off,No comms for 90s +,N/A,N/A,55,45,55,188.3,9:25,pm,Nx50
2760,-23,20,17,0.85,50,0,16,0,1,62,FALSE,TRUE,AI is off,No comms for 90s +,N/A,N/A,0,46,00,188.3,9:25,pm,Nx50
2765,-23.4,20,17,0.86,50,0,16,0,1,62,FALSE,TRUE,AI is off,No comms for 90s +,N/A,N/A,5,46,05,188.3,9:26,pm,Nx50
2770,-23.8,20,16,0.87,50,0,15,0,1,62,FALSE,TRUE,AI is off,No comms for 90s +,N/A,N/A,10,46,10,188.3,9:26,pm,Nx50
2775,-24.6,20,16,0.88,50,0,15,0,1,62,FALSE,TRUE,AI is off,No comms for 90s +,N/A,N/A,15,46,15,188.3,9:26,pm,Nx50
2780,-23.8,20,16,0.87,50,0,15,0,1,62,FALSE,TRUE,AI is off,No comms for 90s +,N/A,N/A,20,46,20,188.3,9:26,pm,Nx50
2785,-23.3,20,16,0.86,50,0,15,0,1,62,FALSE,TRUE,AI is off,No comms for 90s +,N/A,N/A,25,46,25,188.3,9:26,pm,Nx50
2790,-23.3,20,16,0.86,50,0,15,0,1,62,FALSE,TRUE,AI is off,No comms for 90s +,N/A,N/A,30,46,30,188.3,9:26,pm,Nx50
2795,-24.2,20,16,0.87,50,0,15,0,1,62,FALSE,TRUE,AI is off,No comms for 90s +,N/A,N/A,35,46,35,188.3,9:26,pm,Nx50
2800,-24.1,20,16,0.87,50,0,15,0,1,62,FALSE,TRUE,AI is off,No comms for 90s +,N/A,N/A,40,46,40,188.3,9:26,pm,Nx50
2805,-24.5,20,16,0.88,50,0,15,0,1,62,FALSE,TRUE,AI is off,No comms for 90s +,N/A,N/A,45,46,45,188.3,9:26,pm,Nx50
2810,-25.2,20,16,0.89,50,0,15,0,1,62,FALSE,TRUE,AI is off,No comms for 90s +,N/A,N/A,50,46,50,188.3,9:26,pm,Nx50
2815,-24.3,20,16,0.88,50,0,15,0,1,62,FALSE,TRUE,AI is off,No comms for 90s +,N/A,N/A,55,46,55,188.3,9:26,pm,Nx50
2820,-23.7,20,16,0.86,50,0,15,0,1,62,FALSE,TRUE,AI is off,No comms for 90s +,N/A,N/A,0,47,00,188.3,9:26,pm,Nx50
2825,-25.6,20,15,0.89,50,0,14,0,1,62,FALSE,TRUE,AI is off,No comms for 90s +,N/A,N/A,5,47,05,188.3,9:27,pm,Nx50
2830,-26,20,15,0.9,50,0,14,0,1,62,FALSE,TRUE,AI is off,No comms for 90s +,N/A,N/A,10,47,10,188.3,9:27,pm,Nx50
2835,-26.4,20,15,0.9,50,0,14,0,1,62,FALSE,TRUE,AI is off,No comms for 90s +,N/A,N/A,15,47,15,188.3,9:27,pm,Nx50
2840,-27,20,15,0.91,50,0,14,0,1,62,FALSE,TRUE,AI is off,No comms for 90s +,N/A,N/A,20,47,20,188.3,9:27,pm,Nx50
2845,-27.8,20,15,0.92,50,0,14,0,1,62,FALSE,TRUE,AI is off,No comms for 90s +,N/A,N/A,25,47,25,188.3,9:27,pm,Nx50
2850,-27.1,20,15,0.92,50,0,14,0,1,62,FALSE,TRUE,AI is off,No comms for 90s +,N/A,N/A,30,47,30,188.3,9:27,pm,Nx50
2855,-26.3,20,15,0.9,50,0,14,0,1,62,FALSE,TRUE,AI is off,No comms for 90s +,N/A,N/A,35,47,35,188.3,9:27,pm,Nx50
2860,-26.4,20,15,0.9,50,0,14,0,1,62,FALSE,TRUE,AI is off,No comms for 90s +,N/A,N/A,40,47,40,188.3,9:27,pm,Nx50
2865,-26.4,20,15,0.9,50,0,14,0,1,62,FALSE,TRUE,AI is off,No comms for 90s +,N/A,N/A,45,47,45,188.3,9:27,pm,Nx50
2870,-27.2,20,15,0.92,50,0,14,0,1,62,FALSE,TRUE,AI is off,No comms for 90s +,N/A,N/A,50,47,50,188.3,9:27,pm,Nx50
2875,-27.5,20,15,0.92,50,0,14,0,1,62,FALSE,TRUE,AI is off,No comms for 90s +,N/A,N/A,55,47,55,188.3,9:27,pm,Nx50
2880,-27.4,20,14,0.92,50,0,13,0,1,62,FALSE,TRUE,AI is off,No comms for 90s +,N/A,N/A,0,48,00,188.3,9:27,pm,Nx50
2885,-27.2,20,14,0.92,50,0,13,0,1,62,FALSE,TRUE,AI is off,No comms for 90s +,N/A,N/A,5,48,05,188.3,9:28,pm,Nx50
2890,-28,20,14,0.93,50,0,13,0,1,62,FALSE,TRUE,AI is off,No comms for 90s +,N/A,N/A,10,48,10,188.3,9:28,pm,Nx50
2895,-25.9,20,14,0.9,50,0,13,0,1,62,FALSE,TRUE,AI is off,No comms for 90s +,N/A,N/A,15,48,15,188.3,9:28,pm,Nx50
2900,-25.1,20,14,0.88,50,0,13,0,1,62,FALSE,TRUE,AI is off,No comms for 90s +,N/A,N/A,20,48,20,188.3,9:28,pm,Nx50
2905,-24.4,20,14,0.88,50,0,13,0,1,62,FALSE,TRUE,AI is off,No comms for 90s +,N/A,N/A,25,48,25,188.3,9:28,pm,Nx50
2910,-24.2,20,14,0.87,50,0,13,0,1,62,FALSE,TRUE,AI is off,No comms for 90s +,N/A,N/A,30,48,30,188.3,9:28,pm,Nx50
2915,-25.5,20,14,0.89,50,0,13,0,1,62,FALSE,TRUE,AI is off,No comms for 90s +,N/A,N/A,35,48,35,188.3,9:28,pm,Nx50
2920,-26,20,14,0.9,50,0,13,0,1,62,FALSE,TRUE,AI is off,No comms for 90s +,N/A,N/A,40,48,40,188.3,9:28,pm,Nx50
2925,-26.8,20,14,0.91,50,0,13,0,1,62,FALSE,TRUE,AI is off,No comms for 90s +,N/A,N/A,45,48,45,188.3,9:28,pm,Nx50
2930,-26.8,20,14,0.91,50,0,13,0,1,62,FALSE,TRUE,AI is off,No comms for 90s +,N/A,N/A,50,48,50,188.3,9:28,pm,Nx50
2935,-26.9,20,14,0.91,50,0,13,0,1,62,FALSE,TRUE,AI is off,No comms for 90s +,N/A,N/A,55,48,55,188.3,9:28,pm,Nx50
2940,-26.4,20,14,0.9,50,0,13,0,1,62,FALSE,TRUE,AI is off,No comms for 90s +,N/A,N/A,0,49,00,188.3,9:28,pm,Nx50
2945,-25.5,20,14,0.89,50,0,13,0,1,62,FALSE,TRUE,AI is off,No comms for 90s +,N/A,N/A,5,49,05,188.3,9:29,pm,Nx50
2950,-25,20,14,0.88,50,0,13,0,1,62,FALSE,TRUE,AI is off,No comms for 90s +,N/A,N/A,10,49,10,188.3,9:29,pm,Nx50
2955,-24.8,20,13,0.88,50,0,12,0,1,62,FALSE,TRUE,AI is off,No comms for 90s +,N/A,N/A,15,49,15,188.3,9:29,pm,Nx50
2960,-24.4,20,13,0.87,50,0,12,0,1,62,FALSE,TRUE,AI is off,No comms for 90s +,N/A,N/A,20,49,20,188.3,9:29,pm,Nx50
2965,-24.7,20,13,0.88,50,0,12,0,1,62,FALSE,TRUE,AI is off,No comms for 90s +,N/A,N/A,25,49,25,188.3,9:29,pm,Nx50
2970,-23.6,20,13,0.86,50,0,12,0,1,62,FALSE,TRUE,AI is off,No comms for 90s +,N/A,N/A,30,49,30,188.3,9:29,pm,Nx50
2975,-21.8,20,13,0.83,50,0,12,0,1,62,FALSE,TRUE,AI is off,No comms for 90s +,N/A,N/A,35,49,35,188.3,9:29,pm,Nx50
2980,-21.4,20,13,0.83,50,0,12,0,1,62,FALSE,TRUE,AI is off,No comms for 90s +,N/A,N/A,40,49,40,188.3,9:29,pm,Nx50
2985,-21.7,20,13,0.83,50,0,12,0,1,62,FALSE,TRUE,AI is off,No comms for 90s +,N/A,N/A,45,49,45,188.3,9:29,pm,Nx50
2990,-23.6,20,13,0.86,50,0,12,0,1,62,FALSE,TRUE,AI is off,No comms for 90s +,N/A,N/A,50,49,50,188.3,9:29,pm,Nx50
2995,-24.7,20,13,0.88,50,0,12,0,1,62,FALSE,TRUE,AI is off,No comms for 90s +,N/A,N/A,55,49,55,188.3,9:29,pm,Nx50
3000,-25.8,20,13,0.9,50,0,12,0,1,62,FALSE,TRUE,AI is off,No comms for 90s +,N/A,N/A,0,50,00,188.3,9:29,pm,Nx50
3005,-26.6,20,13,0.91,50,0,12,0,1,62,FALSE,TRUE,AI is off,No comms for 90s +,N/A,N/A,5,50,05,188.3,9:30,pm,Nx50
3010,-27.7,20,12,0.92,50,0,11,0,1,62,FALSE,TRUE,AI is off,No comms for 90s +,N/A,N/A,10,50,10,188.3,9:30,pm,Nx50
3015,-27.9,20,12,0.93,50,0,11,0,1,62,FALSE,TRUE,AI is off,No comms for 90s +,N/A,N/A,15,50,15,188.3,9:30,pm,Nx50
3020,-28,20,12,0.93,50,0,11,0,1,62,FALSE,TRUE,AI is off,No comms for 90s +,N/A,N/A,20,50,20,188.3,9:30,pm,Nx50
3025,-27.8,20,12,0.93,50,0,11,0,1,62,FALSE,TRUE,AI is off,No comms for 90s +,N/A,N/A,25,50,25,188.3,9:30,pm,Nx50
3030,-26,20,12,0.9,50,0,11,0,1,62,FALSE,TRUE,AI is off,No comms for 90s +,N/A,N/A,30,50,30,188.3,9:30,pm,Nx50
3035,-24.2,20,12,0.87,50,0,11,0,1,62,FALSE,TRUE,AI is off,No comms for 90s +,N/A,N/A,35,50,35,188.3,9:30,pm,Nx50
3040,-22.9,20,12,0.85,50,0,11,0,1,62,FALSE,TRUE,AI is off,No comms for 90s +,N/A,N/A,40,50,40,188.3,9:30,pm,Nx50
3045,-23.6,20,12,0.86,50,0,11,0,1,62,FALSE,TRUE,AI is off,No comms for 90s +,N/A,N/A,45,50,45,188.3,9:30,pm,Nx50
3050,-24.7,20,12,0.88,50,0,11,0,1,62,FALSE,TRUE,AI is off,No comms for 90s +,N/A,N/A,50,50,50,188.3,9:30,pm,Nx50
3055,-24.4,20,12,0.87,50,0,11,0,1,62,FALSE,TRUE,AI is off,No comms for 90s +,N/A,N/A,55,50,55,188.3,9:30,pm,Nx50
3060,-24.7,20,12,0.88,50,0,11,0,1,62,FALSE,TRUE,AI is off,No comms for 90s +,N/A,N/A,0,51,00,188.3,9:30,pm,Nx50
3065,-25.9,20,12,0.9,50,0,11,0,1,62,FALSE,TRUE,AI is off,No comms for 90s +,N/A,N/A,5,51,05,188.3,9:31,pm,Nx50
3070,-25.3,20,12,0.89,50,0,11,0,1,62,FALSE,TRUE,AI is off,No comms for 90s +,N/A,N/A,10,51,10,188.3,9:31,pm,Nx50
3075,-26,20,11,0.9,50,0,10,0,1,62,FALSE,TRUE,AI is off,No comms for 90s +,N/A,N/A,15,51,15,188.3,9:31,pm,Nx50
3080,-25.4,20,11,0.89,50,0,10,0,1,62,FALSE,TRUE,AI is off,No comms for 90s +,N/A,N/A,20,51,20,188.3,9:31,pm,Nx50
3085,-26.1,20,11,0.9,50,0,10,0,1,62,FALSE,TRUE,AI is off,No comms for 90s +,N/A,N/A,25,51,25,188.3,9:31,pm,Nx50
3090,-26.4,20,11,0.9,50,0,10,0,1,62,FALSE,TRUE,AI is off,No comms for 90s +,N/A,N/A,30,51,30,188.3,9:31,pm,Nx50
3095,-25.9,20,11,0.9,50,0,10,0,1,62,FALSE,TRUE,AI is off,No comms for 90s +,N/A,N/A,35,51,35,188.3,9:31,pm,Nx50
3100,-25.7,20,11,0.89,50,0,10,0,1,62,FALSE,TRUE,AI is off,No comms for 90s +,N/A,N/A,40,51,40,188.3,9:31,pm,Nx50
3105,-26.1,20,11,0.9,50,0,10,0,1,62,FALSE,TRUE,AI is off,No comms for 90s +,N/A,N/A,45,51,45,188.3,9:31,pm,Nx50
3110,-26.6,20,11,0.91,50,0,10,0,1,62,FALSE,TRUE,AI is off,No comms for 90s +,N/A,N/A,50,51,50,188.3,9:31,pm,Nx50
3115,-27.3,20,11,0.92,50,0,10,0,1,63,FALSE,TRUE,AI is off,No comms for 90s +,N/A,N/A,55,51,55,188.3,9:31,pm,Nx50
3120,-27.1,20,11,0.91,50,0,10,0,1,62,FALSE,TRUE,AI is off,No comms for 90s +,N/A,N/A,0,52,00,188.3,9:31,pm,Nx50
3125,-26.8,20,11,0.91,50,0,10,0,1,62,FALSE,TRUE,AI is off,No comms for 90s +,N/A,N/A,5,52,05,188.3,9:32,pm,Nx50
3130,-27.1,20,11,0.91,50,0,10,0,1,62,FALSE,TRUE,AI is off,No comms for 90s +,N/A,N/A,10,52,10,188.3,9:32,pm,Nx50
3135,-27.4,20,11,0.92,50,0,10,0,1,62,FALSE,TRUE,AI is off,No comms for 90s +,N/A,N/A,15,52,15,188.3,9:32,pm,Nx50
3140,-26.8,20,10,0.91,50,0,9,0,1,62,FALSE,TRUE,AI is off,No comms for 90s +,N/A,N/A,20,52,20,188.3,9:32,pm,Nx50
3145,-26.8,20,10,0.91,50,0,9,0,1,62,FALSE,TRUE,AI is off,No comms for 90s +,N/A,N/A,25,52,25,188.3,9:32,pm,Nx50
3150,-26.2,20,10,0.9,50,0,9,0,1,62,FALSE,TRUE,AI is off,No comms for 90s +,N/A,N/A,30,52,30,188.3,9:32,pm,Nx50
3155,-26.7,20,10,0.91,50,0,9,0,1,62,FALSE,TRUE,AI is off,No comms for 90s +,N/A,N/A,35,52,35,188.3,9:32,pm,Nx50
3160,-26.5,20,10,0.91,50,0,9,0,1,62,FALSE,TRUE,AI is off,No comms for 90s +,N/A,N/A,40,52,40,188.3,9:32,pm,Nx50
3165,-26.3,20,10,0.9,50,0,9,0,1,62,FALSE,TRUE,AI is off,No comms for 90s +,N/A,N/A,45,52,45,188.3,9:32,pm,Nx50
3170,-26.7,20,10,0.91,50,0,9,0,1,62,FALSE,TRUE,AI is off,No comms for 90s +,N/A,N/A,50,52,50,188.3,9:32,pm,Nx50
3175,-24.1,20,10,0.87,50,0,9,0,1,62,FALSE,TRUE,AI is off,No comms for 90s +,N/A,N/A,55,52,55,188.3,9:32,pm,Nx50
3180,-20.8,20,10,0.82,50,0,9,0,1,62,FALSE,TRUE,AI is off,No comms for 90s +,N/A,N/A,0,53,00,188.3,9:32,pm,Nx50
3185,-19.2,20,10,0.8,50,0,9,0,1,62,FALSE,TRUE,AI is off,No comms for 90s +,N/A,N/A,5,53,05,188.3,9:33,pm,Nx50
3190,-19.1,20,10,0.79,50,0,9,0,1,62,FALSE,TRUE,AI is off,No comms for 90s +,N/A,N/A,10,53,10,188.3,9:33,pm,Nx50
3195,-20.7,20,10,0.82,50,0,9,0,1,62,FALSE,TRUE,AI is off,No comms for 90s +,N/A,N/A,15,53,15,188.3,9:33,pm,Nx50
3200,-22.3,20,10,0.84,50,0,9,0,1,62,FALSE,TRUE,AI is off,No comms for 90s +,N/A,N/A,20,53,20,188.3,9:33,pm,Nx50
3205,-23,20,9,0.85,50,0,8,0,1,62,FALSE,TRUE,AI is off,No comms for 90s +,N/A,N/A,25,53,25,188.3,9:33,pm,Nx50
3210,-24.4,20,9,0.87,50,0,8,0,1,62,FALSE,TRUE,AI is off,No comms for 90s +,N/A,N/A,30,53,30,188.3,9:33,pm,Nx50
3215,-25.6,20,9,0.89,50,0,8,0,1,62,FALSE,TRUE,AI is off,No comms for 90s +,N/A,N/A,35,53,35,188.3,9:33,pm,Nx50
3220,-26.8,20,9,0.91,50,0,8,0,1,63,FALSE,TRUE,AI is off,No comms for 90s +,N/A,N/A,40,53,40,188.3,9:33,pm,Nx50
3225,-26.2,20,9,0.9,50,0,8,0,1,62,FALSE,TRUE,AI is off,No comms for 90s +,N/A,N/A,45,53,45,188.3,9:33,pm,Nx50
3230,-24.6,20,9,0.88,50,0,8,0,1,62,FALSE,TRUE,AI is off,No comms for 90s +,N/A,N/A,50,53,50,188.3,9:33,pm,Nx50
3235,-25.5,20,9,0.89,50,0,8,0,1,62,FALSE,TRUE,AI is off,No comms for 90s +,N/A,N/A,55,53,55,188.3,9:33,pm,Nx50
3240,-26.4,20,9,0.9,50,0,8,0,1,62,FALSE,TRUE,AI is off,No comms for 90s +,N/A,N/A,0,54,00,188.3,9:33,pm,Nx50
3245,-26.9,20,9,0.91,50,0,8,0,1,62,FALSE,TRUE,AI is off,No comms for 90s +,N/A,N/A,5,54,05,188.3,9:34,pm,Nx50
3250,-27.4,20,9,0.92,50,0,8,0,1,62,FALSE,TRUE,AI is off,No comms for 90s +,N/A,N/A,10,54,10,188.3,9:34,pm,Nx50
3255,-28.2,20,9,0.93,50,0,8,0,1,62,FALSE,TRUE,AI is off,No comms for 90s +,N/A,N/A,15,54,15,188.3,9:34,pm,Nx50
3260,-28.9,20,8,0.94,50,0,7,0,1,62,FALSE,TRUE,AI is off,No comms for 90s +,N/A,N/A,20,54,20,188.3,9:34,pm,Nx50
3265,-29.4,20,8,0.95,50,0,7,0,1,62,FALSE,TRUE,AI is off,No comms for 90s +,N/A,N/A,25,54,25,188.3,9:34,pm,Nx50
3270,-30,20,8,0.96,50,0,7,0,1,62,FALSE,TRUE,AI is off,No comms for 90s +,N/A,N/A,30,54,30,188.3,9:34,pm,Nx50
3275,-30.5,20,8,0.97,50,0,7,0,1,62,FALSE,TRUE,AI is off,No comms for 90s +,N/A,N/A,35,54,35,188.3,9:34,pm,Nx50
3280,-30.1,20,8,0.96,50,0,7,0,1,62,FALSE,TRUE,AI is off,No comms for 90s +,N/A,N/A,40,54,40,188.3,9:34,pm,Nx50
3285,-28.7,20,8,0.94,50,0,7,0,1,62,FALSE,TRUE,AI is off,No comms for 90s +,N/A,N/A,45,54,45,188.3,9:34,pm,Nx50
3290,-27.7,20,8,0.92,50,0,7,0,1,62,FALSE,TRUE,AI is off,No comms for 90s +,N/A,N/A,50,54,50,188.3,9:34,pm,Nx50
3295,-25,20,8,0.88,50,0,7,0,1,62,FALSE,TRUE,AI is off,No comms for 90s +,N/A,N/A,55,54,55,188.3,9:34,pm,Nx50
3300,-23.9,20,8,0.87,50,0,7,0,1,62,FALSE,TRUE,AI is off,No comms for 90s +,N/A,N/A,0,55,00,188.3,9:34,pm,Nx50
3305,-23.3,20,8,0.86,50,0,7,0,1,62,FALSE,TRUE,AI is off,No comms for 90s +,N/A,N/A,5,55,05,188.3,9:35,pm,Nx50
3310,-23.1,20,8,0.85,50,0,7,0,1,63,FALSE,TRUE,AI is off,No comms for 90s +,N/A,N/A,10,55,10,188.3,9:35,pm,Nx50
3315,-23.8,20,8,0.86,50,0,7,0,1,62,FALSE,TRUE,AI is off,No comms for 90s +,N/A,N/A,15,55,15,188.3,9:35,pm,Nx50
3320,-24.1,20,8,0.87,50,0,7,0,1,62,FALSE,TRUE,AI is off,No comms for 90s +,N/A,N/A,20,55,20,188.3,9:35,pm,Nx50
3325,-24.5,20,8,0.88,50,0,7,0,1,63,FALSE,TRUE,AI is off,No comms for 90s +,N/A,N/A,25,55,25,188.3,9:35,pm,Nx50
3330,-25.2,20,7,0.89,50,0,6,0,1,63,FALSE,TRUE,AI is off,No comms for 90s +,N/A,N/A,30,55,30,188.3,9:35,pm,Nx50
3335,-25.4,20,7,0.89,50,0,6,0,1,62,FALSE,TRUE,AI is off,No comms for 90s +,N/A,N/A,35,55,35,188.3,9:35,pm,Nx50
3340,-26,20,7,0.9,50,0,6,0,1,63,FALSE,TRUE,AI is off,No comms for 90s +,N/A,N/A,40,55,40,188.3,9:35,pm,Nx50
3345,-26.1,20,7,0.9,50,0,6,0,1,63,FALSE,TRUE,AI is off,No comms for 90s +,N/A,N/A,45,55,45,188.3,9:35,pm,Nx50
3350,-27.4,20,7,0.92,50,0,6,0,1,63,FALSE,TRUE,AI is off,No comms for 90s +,N/A,N/A,50,55,50,188.3,9:35,pm,Nx50
3355,-26.5,20,7,0.91,50,0,6,0,1,63,FALSE,TRUE,AI is off,No comms for 90s +,N/A,N/A,55,55,55,188.3,9:35,pm,Nx50
3360,-26.6,20,7,0.9,50,0,6,0,1,62,FALSE,TRUE,AI is off,No comms for 90s +,N/A,N/A,0,56,00,188.3,9:35,pm,Nx50
3365,-27.7,20,7,0.92,50,0,6,0,1,62,FALSE,TRUE,AI is off,No comms for 90s +,N/A,N/A,5,56,05,188.3,9:36,pm,Nx50
3370,-27.9,20,7,0.93,50,0,6,0,1,62,FALSE,TRUE,AI is off,No comms for 90s +,N/A,N/A,10,56,10,188.3,9:36,pm,Nx50
3375,-27.7,20,7,0.93,50,0,6,0,1,63,FALSE,TRUE,AI is off,No comms for 90s +,N/A,N/A,15,56,15,188.3,9:36,pm,Nx50
3380,-26.5,20,7,0.91,50,0,6,0,1,62,FALSE,TRUE,AI is off,No comms for 90s +,N/A,N/A,20,56,20,188.3,9:36,pm,Nx50
3385,-25.7,20,7,0.9,50,0,6,0,1,62,FALSE,TRUE,AI is off,No comms for 90s +,N/A,N/A,25,56,25,188.3,9:36,pm,Nx50
3390,-24.9,20,7,0.88,50,0,6,0,1,62,FALSE,TRUE,AI is off,No comms for 90s +,N/A,N/A,30,56,30,188.3,9:36,pm,Nx50
3395,-25.6,20,7,0.89,50,0,6,0,1,62,FALSE,TRUE,AI is off,No comms for 90s +,N/A,N/A,35,56,35,188.3,9:36,pm,Nx50
3400,-26.4,20,6,0.9,50,0,5,0,1,63,FALSE,TRUE,AI is off,No comms for 90s +,N/A,N/A,40,56,40,188.3,9:36,pm,Nx50
3405,-26.2,20,6,0.9,50,0,5,0,1,62,FALSE,TRUE,AI is off,No comms for 90s +,N/A,N/A,45,56,45,188.3,9:36,pm,Nx50
3410,-26.6,20,6,0.91,50,0,5,0,1,62,FALSE,TRUE,AI is off,No comms for 90s +,N/A,N/A,50,56,50,188.3,9:36,pm,Nx50
3415,-27.4,20,6,0.92,50,0,5,0,1,63,FALSE,TRUE,AI is off,No comms for 90s +,N/A,N/A,55,56,55,188.3,9:36,pm,Nx50
3420,-27.3,20,6,0.92,50,0,5,0,1,62,FALSE,TRUE,AI is off,No comms for 90s +,N/A,N/A,0,57,00,188.3,9:36,pm,Nx50
3425,-27.4,20,6,0.92,50,0,5,0,1,62,FALSE,TRUE,AI is off,No comms for 90s +,N/A,N/A,5,57,05,188.3,9:37,pm,Nx50
3430,-25.9,20,6,0.9,50,0,5,0,1,62,FALSE,TRUE,AI is off,No comms for 90s +,N/A,N/A,10,57,10,188.3,9:37,pm,Nx50
3435,-25.2,20,6,0.89,50,0,5,0,1,62,FALSE,TRUE,AI is off,No comms for 90s +,N/A,N/A,15,57,15,188.3,9:37,pm,Nx50
3440,-25.6,20,6,0.89,50,0,5,0,1,62,FALSE,TRUE,AI is off,No comms for 90s +,N/A,N/A,20,57,20,188.3,9:37,pm,Nx50
3445,-24.8,20,6,0.88,50,0,5,0,1,62,FALSE,TRUE,AI is off,No comms for 90s +,N/A,N/A,25,57,25,188.3,9:37,pm,Nx50
3450,-25.7,20,6,0.89,50,0,5,0,1,62,FALSE,TRUE,AI is off,No comms for 90s +,N/A,N/A,30,57,30,188.3,9:37,pm,Nx50
3455,-26.4,20,5,0.9,50,0,4,0,1,62,FALSE,TRUE,AI is off,No comms for 90s +,N/A,N/A,35,57,35,188.3,9:37,pm,Nx50
3460,-26.6,20,5,0.91,50,0,4,0,1,62,FALSE,TRUE,AI is off,No comms for 90s +,N/A,N/A,40,57,40,188.3,9:37,pm,Nx50
3465,-26.7,20,5,0.91,50,0,4,0,1,62,FALSE,TRUE,AI is off,No comms for 90s +,N/A,N/A,45,57,45,188.3,9:37,pm,Nx50
3470,-25,20,5,0.88,50,0,4,0,1,62,FALSE,TRUE,AI is off,No comms for 90s +,N/A,N/A,50,57,50,188.3,9:37,pm,Nx50
3475,-22.7,20,5,0.85,50,0,4,0,1,62,FALSE,TRUE,AI is off,No comms for 90s +,N/A,N/A,55,57,55,188.3,9:37,pm,Nx50
3480,-22.5,20,5,0.85,50,0,4,0,1,62,FALSE,TRUE,AI is off,No comms for 90s +,N/A,N/A,0,58,00,188.3,9:37,pm,Nx50
3485,-22.4,20,5,0.84,50,0,4,0,1,62,FALSE,TRUE,AI is off,No comms for 90s +,N/A,N/A,5,58,05,188.3,9:38,pm,Nx50
3490,-22.7,20,5,0.85,50,0,4,0,1,62,FALSE,TRUE,AI is off,No comms for 90s +,N/A,N/A,10,58,10,188.3,9:38,pm,Nx50
3495,-23.3,20,5,0.86,50,0,4,0,1,62,FALSE,TRUE,AI is off,No comms for 90s +,N/A,N/A,15,58,15,188.3,9:38,pm,Nx50
3500,-24,20,5,0.87,50,0,4,0,1,62,FALSE,TRUE,AI is off,No comms for 90s +,N/A,N/A,20,58,20,188.3,9:38,pm,Nx50
3505,-24.3,20,5,0.87,50,0,4,0,1,62,FALSE,TRUE,AI is off,No comms for 90s +,N/A,N/A,25,58,25,188.3,9:38,pm,Nx50
3510,-25.1,20,5,0.88,50,0,4,0,1,62,FALSE,TRUE,AI is off,No comms for 90s +,N/A,N/A,30,58,30,188.3,9:38,pm,Nx50
3515,-25.4,20,5,0.89,50,0,4,0,1,62,FALSE,TRUE,AI is off,No comms for 90s +,N/A,N/A,35,58,35,188.3,9:38,pm,Nx50
3520,-26.2,20,4,0.9,50,0,3,0,1,62,FALSE,TRUE,AI is off,No comms for 90s +,N/A,N/A,40,58,40,188.3,9:38,pm,Nx50
3525,-26.3,20,4,0.9,50,0,3,0,1,62,FALSE,TRUE,AI is off,No comms for 90s +,N/A,N/A,45,58,45,188.3,9:38,pm,Nx50
3530,-25.4,20,4,0.89,50,0,3,0,1,62,FALSE,TRUE,AI is off,No comms for 90s +,N/A,N/A,50,58,50,188.3,9:38,pm,Nx50
3535,-25.1,20,4,0.88,50,0,3,0,1,62,FALSE,TRUE,AI is off,No comms for 90s +,N/A,N/A,55,58,55,188.3,9:38,pm,Nx50
3540,-24.9,20,4,0.88,50,0,3,0,1,62,FALSE,TRUE,AI is off,No comms for 90s +,N/A,N/A,0,59,00,188.3,9:38,pm,Nx50
3545,-25.8,20,4,0.9,50,0,3,0,1,62,FALSE,TRUE,AI is off,No comms for 90s +,N/A,N/A,5,59,05,188.3,9:39,pm,Nx50
3550,-26.1,20,4,0.9,50,0,3,0,1,62,FALSE,TRUE,AI is off,No comms for 90s +,N/A,N/A,10,59,10,188.3,9:39,pm,Nx50
3555,-26.1,20,4,0.9,50,0,3,0,1,62,FALSE,TRUE,AI is off,No comms for 90s +,N/A,N/A,15,59,15,188.3,9:39,pm,Nx50
3560,-26.8,20,4,0.91,50,0,3,0,1,63,FALSE,TRUE,AI is off,No comms for 90s +,N/A,N/A,20,59,20,188.3,9:39,pm,Nx50
3565,-26.9,20,4,0.91,50,0,3,0,1,62,FALSE,TRUE,AI is off,No comms for 90s +,N/A,N/A,25,59,25,188.3,9:39,pm,Nx50
3570,-27.1,20,4,0.91,50,0,3,0,1,62,FALSE,TRUE,AI is off,No comms for 90s +,N/A,N/A,30,59,30,188.3,9:39,pm,Nx50
3575,-25.5,20,4,0.89,50,0,3,0,1,62,FALSE,TRUE,AI is off,No comms for 90s +,N/A,N/A,35,59,35,188.3,9:39,pm,Nx50
3580,-23.6,20,4,0.86,50,0,3,0,1,62,FALSE,TRUE,AI is off,No comms for 90s +,N/A,N/A,40,59,40,188.3,9:39,pm,Nx50
3585,-23,20,4,0.85,50,0,3,0,1,62,FALSE,TRUE,AI is off,No comms for 90s +,N/A,N/A,45,59,45,188.3,9:39,pm,Nx50
3590,-23,20,3,0.85,50,0,2,0,1,62,FALSE,TRUE,AI is off,No comms for 90s +,N/A,N/A,50,59,50,188.3,9:39,pm,Nx50
3595,-23.6,20,3,0.86,50,0,2,0,1,62,FALSE,TRUE,AI is off,No comms for 90s +,N/A,N/A,55,59,55,188.3,9:39,pm,Nx50
3600,-24.8,20,3,0.88,50,0,2,0,1,63,FALSE,TRUE,AI is off,No comms for 90s +,N/A,N/A,0,60,00,188.3,9:39,pm,Nx50
3605,-25.3,20,3,0.89,50,0,2,0,1,62,FALSE,TRUE,AI is off,No comms for 90s +,N/A,N/A,5,60,05,188.3,9:40,pm,Nx50
3610,-24.8,20,3,0.88,50,0,2,0,1,62,FALSE,TRUE,AI is off,No comms for 90s +,N/A,N/A,10,60,10,188.3,9:40,pm,Nx50
3615,-24.9,20,3,0.88,50,0,2,0,1,62,FALSE,TRUE,AI is off,No comms for 90s +,N/A,N/A,15,60,15,188.3,9:40,pm,Nx50
3620,-24.1,20,3,0.87,50,0,2,0,1,62,FALSE,TRUE,AI is off,No comms for 90s +,N/A,N/A,20,60,20,188.3,9:40,pm,Nx50
3625,-23.6,20,3,0.86,50,0,2,0,1,62,FALSE,TRUE,AI is off,No comms for 90s +,N/A,N/A,25,60,25,188.3,9:40,pm,Nx50
3630,-23.6,20,3,0.86,50,0,2,0,1,62,FALSE,TRUE,AI is off,No comms for 90s +,N/A,N/A,30,60,30,188.3,9:40,pm,Nx50
3635,-23.2,20,3,0.86,50,0,2,0,1,62,FALSE,TRUE,AI is off,No comms for 90s +,N/A,N/A,35,60,35,188.3,9:40,pm,Nx50
3640,-23.1,20,3,0.85,50,0,2,0,1,62,FALSE,TRUE,AI is off,No comms for 90s +,N/A,N/A,40,60,40,188.3,9:40,pm,Nx50
3645,-22.1,20,3,0.84,50,0,2,0,1,62,FALSE,TRUE,AI is off,No comms for 90s +,N/A,N/A,45,60,45,188.3,9:40,pm,Nx50
3650,-22.3,20,3,0.84,50,0,2,0,1,62,FALSE,TRUE,AI is off,No comms for 90s +,N/A,N/A,50,60,50,188.3,9:40,pm,Nx50
3655,-21.7,20,2,0.83,50,0,1,0,1,62,FALSE,TRUE,AI is off,No comms for 90s +,N/A,N/A,55,60,55,188.3,9:40,pm,Nx50
3660,-22.1,20,2,0.84,50,0,1,0,1,62,FALSE,TRUE,AI is off,No comms for 90s +,N/A,N/A,0,61,00,188.3,9:40,pm,Nx50
3665,-22.6,20,2,0.85,50,0,1,0,1,62,FALSE,TRUE,AI is off,No comms for 90s +,N/A,N/A,5,61,05,188.3,9:41,pm,Nx50
3670,-21.6,20,2,0.83,50,0,1,0,1,62,FALSE,TRUE,AI is off,No comms for 90s +,N/A,N/A,10,61,10,188.3,9:41,pm,Nx50
3675,-20.9,20,2,0.82,50,0,1,0,1,63,FALSE,TRUE,AI is off,No comms for 90s +,N/A,N/A,15,61,15,188.3,9:41,pm,Nx50
3680,-21.2,20,2,0.83,50,0,1,0,1,62,FALSE,TRUE,AI is off,No comms for 90s +,N/A,N/A,20,61,20,188.3,9:41,pm,Nx50
3685,-21.6,20,2,0.83,50,0,1,0,1,62,FALSE,TRUE,AI is off,No comms for 90s +,N/A,N/A,25,61,25,188.3,9:41,pm,Nx50
3690,-21.6,20,2,0.83,50,0,1,0,1,62,FALSE,TRUE,AI is off,No comms for 90s +,N/A,N/A,30,61,30,188.3,9:41,pm,Nx50
3695,-21.8,20,2,0.84,50,0,1,0,1,62,FALSE,TRUE,AI is off,No comms for 90s +,N/A,N/A,35,61,35,188.3,9:41,pm,Nx50
3700,-22.1,20,2,0.84,50,0,1,0,1,62,FALSE,TRUE,AI is off,No comms for 90s +,N/A,N/A,40,61,40,188.3,9:41,pm,Nx50
3705,-22.7,20,2,0.85,50,0,1,0,1,62,FALSE,TRUE,AI is off,No comms for 90s +,N/A,N/A,45,61,45,188.3,9:41,pm,Nx50
3710,-23,20,2,0.85,50,0,1,0,1,62,FALSE,TRUE,AI is off,No comms for 90s +,N/A,N/A,50,61,50,188.3,9:41,pm,Nx50
3715,-23.5,0,1,0.86,50,0,0,99,1,62,FALSE,TRUE,AI is off,No comms for 90s +,N/A,N/A,55,61,55,188.3,9:41,pm,Nx50
3720,-24.3,0,1,0.87,50,0,0,99,1,62,FALSE,TRUE,AI is off,No comms for 90s +,N/A,N/A,0,62,00,188.3,9:41,pm,Nx50
3725,-24.5,0,1,0.88,50,0,0,99,1,62,FALSE,TRUE,AI is off,No comms for 90s +,N/A,N/A,5,62,05,188.3,9:42,pm,Nx50
3730,-24.5,0,1,0.88,50,0,0,99,1,62,FALSE,TRUE,AI is off,No comms for 90s +,N/A,N/A,10,62,10,188.3,9:42,pm,Nx50
3735,-24.7,0,1,0.88,50,0,0,99,1,62,FALSE,TRUE,AI is off,No comms for 90s +,N/A,N/A,15,62,15,188.3,9:42,pm,Nx50
3740,-24,0,1,0.87,50,0,0,99,1,62,FALSE,TRUE,AI is off,No comms for 90s +,N/A,N/A,20,62,20,188.3,9:42,pm,Nx50
3745,-22.9,0,1,0.85,50,0,0,99,1,62,FALSE,TRUE,AI is off,No comms for 90s +,N/A,N/A,25,62,25,188.3,9:42,pm,Nx50
3750,-21.5,0,1,0.83,50,0,0,99,1,62,FALSE,TRUE,AI is off,No comms for 90s +,N/A,N/A,30,62,30,188.3,9:42,pm,Nx50
3755,-19.5,0,1,0.8,50,0,0,99,1,62,FALSE,TRUE,AI is off,No comms for 90s +,N/A,N/A,35,62,35,188.3,9:42,pm,Nx50
3760,-17.9,0,1,0.78,50,0,0,99,1,62,FALSE,TRUE,AI is off,No comms for 90s +,N/A,N/A,40,62,40,188.3,9:42,pm,Nx50
3765,-14.9,0,1,0.73,50,0,0,99,1,62,FALSE,TRUE,AI is off,No comms for 90s +,N/A,N/A,45,62,45,188.3,9:42,pm,Nx50
3770,-13.6,0,1,0.71,50,0,0,99,1,62,FALSE,TRUE,AI is off,No comms for 90s +,N/A,N/A,50,62,50,188.3,9:42,pm,Nx50
3775,-15,0,1,0.73,50,0,0,99,1,62,FALSE,TRUE,AI is off,No comms for 90s +,N/A,N/A,55,62,55,188.3,9:42,pm,Nx50
3780,-13.1,0,1,0.7,50,0,0,99,1,62,FALSE,TRUE,AI is off,No comms for 90s +,N/A,N/A,0,63,00,188.3,9:42,pm,Nx50
3785,-11.8,0,1,0.68,50,0,0,99,1,62,FALSE,TRUE,AI is off,No comms for 90s +,N/A,N/A,5,63,05,188.3,9:43,pm,Nx50
3790,-10.4,0,1,0.66,50,0,0,99,1,62,FALSE,TRUE,AI is off,No comms for 90s +,N/A,N/A,10,63,10,188.3,9:43,pm,Nx50
3795,-9.9,0,1,0.66,50,0,0,99,1,62,FALSE,TRUE,AI is off,No comms for 90s +,N/A,N/A,15,63,15,188.3,9:43,pm,Nx50
3800,-8.4,0,1,0.63,50,0,0,99,1,62,FALSE,TRUE,AI is off,No comms for 90s +,N/A,N/A,20,63,20,188.3,9:43,pm,Nx50
3805,-7.6,0,1,0.62,50,0,0,99,1,62,FALSE,TRUE,AI is off,No comms for 90s +,N/A,N/A,25,63,25,188.3,9:43,pm,Nx50
3810,-6,0,1,0.6,50,0,0,99,1,62,FALSE,TRUE,AI is off,No comms for 90s +,N/A,N/A,30,63,30,188.3,9:43,pm,Nx50
3815,-3.9,0,1,0.57,50,0,0,99,1,62,FALSE,TRUE,AI is off,No comms for 90s +,N/A,N/A,35,63,35,188.3,9:43,pm,Nx50
3820,0,0,1,0.53,50,0,0,99,1,62,FALSE,TRUE,AI is off,No comms for 90s +,N/A,N/A,40,63,40,188.3,9:43,pm,Nx50
3825,0,0,0,0.53,50,0,0,99,1,62,FALSE,TRUE,AI is off,No comms for 90s +,N/A,N/A,45,63,45,188.3,9:43,pm,Nx50
3830,0,0,0,0.53,50,0,0,99,1,62,FALSE,TRUE,AI is off,No comms for 90s +,N/A,N/A,50,63,50,188.3,9:43,pm,Nx50
3835,0,0,0,0.52,50,0,0,99,1,62,FALSE,TRUE,AI is off,No comms for 90s +,N/A,N/A,55,63,55,188.3,9:43,pm,Nx50
3840,0,0,0,0.51,50,0,0,99,1,62,FALSE,TRUE,AI is off,No comms for 90s +,N/A,N/A,0,64,00,188.3,9:43,pm,Nx50
3845,0,0,0,0.51,50,0,0,99,1,62,FALSE,TRUE,AI is off,No comms for 90s +,N/A,N/A,5,64,05,188.3,9:44,pm,Nx50
3850,0,0,0,0.52,50,0,0,99,1,62,FALSE,TRUE,AI is off,No comms for 90s +,N/A,N/A,10,64,10,188.3,9:44,pm,Nx50
3855,0,0,0,0.52,50,0,0,99,1,62,FALSE,TRUE,AI is off,No comms for 90s +,N/A,N/A,15,64,15,188.3,9:44,pm,Nx50
3860,0,0,0,0.53,50,0,0,99,1,62,FALSE,TRUE,AI is off,No comms for 90s +,N/A,N/A,20,64,20,188.3,9:44,pm,Nx50
3865,0,0,0,0.53,50,0,0,99,1,62,FALSE,TRUE,AI is off,No comms for 90s +,N/A,N/A,25,64,25,188.3,9:44,pm,Nx50
3870,0,0,0,0.53,50,0,0,99,1,62,FALSE,TRUE,AI is off,No comms for 90s +,N/A,N/A,30,64,30,188.3,9:44,pm,Nx50
3875,0,0,0,0.52,50,0,0,99,1,62,FALSE,TRUE,AI is off,No comms for 90s +,N/A,N/A,35,64,35,188.3,9:44,pm,Nx50
3880,0,0,0,0.53,50,0,0,99,1,62,FALSE,TRUE,AI is off,No comms for 90s +,N/A,N/A,40,64,40,188.3,9:44,pm,Nx50
3885,0,0,0,0.52,50,0,0,99,1,62,FALSE,TRUE,AI is off,No comms for 90s +,N/A,N/A,45,64,45,188.3,9:44,pm,Nx50
3890,0,0,0,0.52,50,0,0,99,1,62,FALSE,TRUE,AI is off,No comms for 90s +,N/A,N/A,50,64,50,188.3,9:44,pm,Nx50
3895,0,0,0,0.52,50,0,0,99,1,62,FALSE,TRUE,AI is off,No comms for 90s +,N/A,N/A,55,64,55,188.3,9:44,pm,Nx50
3900,0,0,0,0.52,50,0,0,99,1,62,FALSE,TRUE,AI is off,No comms for 90s +,N/A,N/A,0,65,00,188.3,9:44,pm,Nx50
3905,0,0,0,0.52,50,0,0,99,1,62,FALSE,TRUE,AI is off,No comms for 90s +,N/A,N/A,5,65,05,188.3,9:45,pm,Nx50
3910,0,0,0,0.52,50,0,0,99,1,62,FALSE,TRUE,AI is off,No comms for 90s +,N/A,N/A,10,65,10,188.3,9:45,pm,Nx50
3915,0,0,0,0.53,50,0,0,99,1,62,FALSE,TRUE,AI is off,No comms for 90s +,N/A,N/A,15,65,15,188.3,9:45,pm,Nx50
3920,0,0,0,0.53,50,0,0,99,1,62,FALSE,TRUE,AI is off,No comms for 90s +,N/A,N/A,20,65,20,188.3,9:45,pm,Nx50
3925,0,0,0,0.53,50,0,0,99,1,62,FALSE,TRUE,AI is off,No comms for 90s +,N/A,N/A,25,65,25,188.3,9:45,pm,Nx50
3930,0,0,0,0.52,50,0,0,99,1,62,FALSE,TRUE,AI is off,No comms for 90s +,N/A,N/A,30,65,30,188.3,9:45,pm,Nx50
3935,0,0,0,0.52,50,0,0,99,1,62,FALSE,TRUE,AI is off,No comms for 90s +,N/A,N/A,35,65,35,188.3,9:45,pm,Nx50
3940,0,0,0,0.52,50,0,0,99,1,62,FALSE,TRUE,AI is off,No comms for 90s +,N/A,N/A,40,65,40,188.3,9:45,pm,Nx50
3945,0,0,0,0.52,50,0,0,99,1,62,FALSE,TRUE,AI is off,No comms for 90s +,N/A,N/A,45,65,45,188.3,9:45,pm,Nx50
3950,0,0,0,0.52,50,0,0,99,1,62,FALSE,TRUE,AI is off,No comms for 90s +,N/A,N/A,50,65,50,188.3,9:45,pm,Nx50
3955,0,0,0,0.53,50,0,0,99,1,62,FALSE,TRUE,AI is off,No comms for 90s +,N/A,N/A,55,65,55,188.3,9:45,pm,Nx50
3960,0,0,0,0.52,50,0,0,99,1,62,FALSE,TRUE,AI is off,No comms for 90s +,N/A,N/A,0,66,00,188.3,9:45,pm,Nx50
3965,0,0,0,0.51,50,0,0,99,1,62,FALSE,TRUE,AI is off,No comms for 90s +,N/A,N/A,5,66,05,188.3,9:46,pm,Nx50
3970,0,0,0,0.52,50,0,0,99,1,62,FALSE,TRUE,AI is off,No comms for 90s +,N/A,N/A,10,66,10,188.3,9:46,pm,Nx50
3975,0,0,0,0.53,50,0,0,99,1,62,FALSE,TRUE,AI is off,No comms for 90s +,N/A,N/A,15,66,15,188.3,9:46,pm,Nx50
3980,0,0,0,0.51,50,0,0,99,1,62,FALSE,TRUE,AI is off,No comms for 90s +,N/A,N/A,20,66,20,188.3,9:46,pm,Nx50
3985,0,0,0,0.51,50,0,0,99,1,62,FALSE,TRUE,AI is off,No comms for 90s +,N/A,N/A,25,66,25,188.3,9:46,pm,Nx50
3990,0,0,0,0.51,50,0,0,99,1,62,FALSE,TRUE,AI is off,No comms for 90s +,N/A,N/A,30,66,30,188.3,9:46,pm,Nx50
3995,0,0,0,0.51,50,0,0,99,1,62,FALSE,TRUE,AI is off,No comms for 90s +,N/A,N/A,35,66,35,188.3,9:46,pm,Nx50